symbol,name,industry,screening_bucket,legacy_hit,new_strategy_hit,chip_radar_hit,signal_source,kronos_return,kronos_score,news_score,technical_score,realtime_score,hybrid_score,current_close,predicted_close,realtime_status,action,risk_note,top10_main_force_buy_strength,top10_main_force_net_buy,foreign_buy_streak_days,branch_main_force_buy_streak_days,branch_main_force_leader,chip_data_date,chip_data_source,chip_data_source_status,top10_main_force_brokers
5285.TW,界霖,半導體業,chip_watch,False,True,True,momentum-fallback,0.30190957021104997,100.0,55.5,54.0,50.0,76.4,88.4000015258789,115.08880799321317,無即時資料,研究重點,風險穩定,40.0,,7.0,,,2026-06-16,TWSE T86 official,official-only,
8104.TW,錸寶,光電業,chip_watch,False,True,True,momentum-fallback,0.08364464467594111,100.0,50.0,52.0,50.0,74.9,40.599998474121094,43.9959709203327,無即時資料,研究重點,風險穩定,40.1,,4.0,,,2026-06-16,TWSE T86 official,official-only,
2103.TW,台橡,橡膠工業,chip_watch,False,True,True,momentum-fallback,0.12893260477653146,100.0,50.0,48.0,50.0,74.1,21.399999618530273,24.159157311564158,無即時資料,研究重點,風險穩定,40.1,,5.0,,,2026-06-16,TWSE T86 official,official-only,
2637.TW,慧洋-KY,航運業,chip_watch,False,True,True,momentum-fallback,0.07645012766267296,95.87007659760377,50.0,50.0,50.0,72.84803063904151,77.5999984741211,83.53252826409089,無即時資料,研究重點,風險穩定,40.0,,6.0,,,2026-06-16,TWSE T86 official,official-only,
1305.TW,華夏,塑膠工業,chip_watch,False,True,True,momentum-fallback,0.0559306821208542,83.55840927251252,50.0,66.0,50.0,71.12336370900502,12.800000190734863,13.515912932549728,無即時資料,研究重點,風險穩定,40.1,,3.0,,,2026-06-16,TWSE T86 official,official-only,
6277.TW,宏正,電腦及週邊設備業,chip_watch,False,True,True,momentum-fallback,0.05253730943666889,81.52238566200134,50.0,46.0,50.0,66.30895426480055,72.5999984741211,76.41420705905767,無即時資料,等待確認,風險穩定,40.0,,7.0,,,2026-06-16,TWSE T86 official,official-only,
6505.TW,台塑化,油電燃氣業,chip_watch,False,True,True,momentum-fallback,0.03909695500996167,73.458173005977,50.0,50.0,50.0,63.88326920239081,52.70000076293945,54.76041032179304,無即時資料,等待確認,風險穩定,40.2,,3.0,,,2026-06-16,TWSE T86 official,official-only,
1531.TW,高林股,電機機械,chip_watch,False,True,True,momentum-fallback,0.031144072950588294,68.68644377035298,50.0,50.0,50.0,61.974577508141195,12.850000381469727,13.250201730765307,無即時資料,觀察,風險穩定,40.0,,3.0,,,2026-06-16,TWSE T86 official,official-only,
2007.TW,燁興,鋼鐵工業,chip_watch,False,True,True,momentum-fallback,0.015490312151388219,59.29418729083293,50.0,50.0,50.0,54.740412614493806,7.5,7.616177341135412,無即時資料,觀察,風險穩定,40.0,,3.0,,,2026-06-16,TWSE T86 official,official-only,
9105.TW,泰金寶-DR,存託憑證,chip_watch,False,True,False,momentum-fallback,0.1180804481160848,100.0,50.0,50.0,50.0,74.5,9.529999732971191,10.6553063719866,無即時資料,研究重點,風險穩定,0.0,0.0,0.0,0.0,,2026-06-16,TWSE T86 official,degraded,
2324.TW,仁寶,電腦及週邊設備業,chip_watch,False,True,False,momentum-fallback,0.11008627878965564,100.0,50.0,50.0,50.0,74.5,37.70000076293945,41.850253557298636,無即時資料,研究重點,風險穩定,0.0,0.0,0.0,0.0,,2026-06-16,TWSE T86 official,degraded,
2356.TW,英業達,電腦及週邊設備業,chip_watch,False,True,False,momentum-fallback,0.08096054354165357,98.57632612499214,50.0,50.0,50.0,73.93053044999687,66.19999694824219,71.55958468362769,無即時資料,研究重點,風險穩定,0.0,,0.0,,,2026-06-16,TWSE T86 official,official-only,
2312.TW,金寶,其他電子業,chip_watch,False,True,False,momentum-fallback,0.1315602488139197,100.0,50.0,42.0,50.0,72.9,34.95000076293945,39.54803155935845,無即時資料,研究重點,技術結構偏空,0.0,,0.0,,,2026-06-16,TWSE T86 official,official-only,
2887.TW,台新新光金,金融保險業,chip_watch,True,False,True,momentum-fallback,0.3309978838045933,100.0,50.0,62.0,50.0,76.9,32.79999923706055,43.656729573319865,無即時資料,研究重點,風險穩定,0.0,0.0,3.0,0.0,,2026-06-16,TWSE T86 official,degraded,
2344.TW,華邦電,半導體業,chip_watch,True,False,True,momentum-fallback,0.787374122414272,100.0,55.5,50.0,50.0,75.6,192.5,344.06951856474734,無即時資料,研究重點,風險穩定,0.0,52306.0,5.0,2.0,台灣摩根士丹利,2026-06-15,TWSE T86 official + HiStock branch,official+broker,台灣摩根士丹利、富邦、凱基-信義、美商高盛、元大、新加坡商瑞銀、康和、國票-敦北法人、統一、永豐金
2408.TW,南亞科,半導體業,chip_watch,True,False,True,momentum-fallback,0.7552286902286902,100.0,55.5,50.0,50.0,75.6,427.5,750.3602650727651,無即時資料,研究重點,風險穩定,0.0,8362.0,1.0,2.0,美商高盛,2026-06-15,TWSE T86 official + HiStock branch,official+broker,"美商高盛、統一-仁愛、新加坡商瑞銀、兆豐-民生、台新、元大、港商麥格理386386393.75凱基-士林741,036-962392.35統一、台新-安南、永豐金-台南、群益金鼎"
2303.TW,聯電,半導體業,chip_watch,True,False,True,momentum-fallback,0.7773281563763407,100.0,55.5,50.0,50.0,75.6,140.5,249.71460597087585,無即時資料,研究重點,風險穩定,0.0,46082.0,1.0,2.0,富邦,2026-06-15,TWSE T86 official + HiStock branch,official+broker,富邦、台灣摩根士丹利、群益金鼎、凱基-台北、永豐金、統一、國泰、兆豐-板橋、永豐金-羅東、群益金鼎-大安
2890.TW,永豐金,金融保險業,chip_watch,True,False,True,momentum-fallback,0.17929975429975425,100.0,50.0,50.0,50.0,74.5,36.5,43.044441031941034,無即時資料,研究重點,風險穩定,0.0,0.0,4.0,0.0,,2026-06-16,TWSE T86 official,degraded,
6446.TW,藥華藥,生技醫療業,chip_watch,False,False,True,momentum-fallback,0.35760232293200694,100.0,50.0,62.0,50.0,76.9,1010.0,1371.178346161327,無即時資料,研究重點,風險穩定,40.1,,3.0,,,2026-06-16,TWSE T86 official,official-only,
3041.TW,揚智,半導體業,chip_watch,False,False,True,momentum-fallback,0.19887384362552363,100.0,55.5,52.0,50.0,76.0,29.0,34.767341465140184,無即時資料,研究重點,風險穩定,40.2,,3.0,,,2026-06-16,TWSE T86 official,official-only,
3530.TW,晶相光,半導體業,chip_watch,False,False,True,momentum-fallback,0.09026131138310335,100.0,55.5,52.0,50.0,76.0,71.5,77.9536837638919,無即時資料,研究重點,風險穩定,40.0,,3.0,,,2026-06-16,TWSE T86 official,official-only,
2340.TW,台亞,半導體業,chip_watch,False,False,True,momentum-fallback,0.2534589694656489,100.0,55.5,50.0,50.0,75.6,38.75,48.57153506679389,無即時資料,研究重點,風險穩定,40.8,,4.0,,,2026-06-16,TWSE T86 official,official-only,
2867.TW,三商壽,金融保險業,chip_watch,False,False,True,momentum-fallback,0.07667587708249947,96.00552624949968,50.0,62.0,50.0,75.30221049979988,8.649999618530273,9.313245926044369,無即時資料,研究重點,風險穩定,41.1,,10.0,,,2026-06-16,TWSE T86 official,official-only,
1904.TW,正隆,造紙工業,chip_watch,False,False,True,momentum-fallback,0.09641873480886104,100.0,50.0,54.0,50.0,75.3,23.149999618530273,25.382093292574577,無即時資料,研究重點,風險穩定,40.1,,3.0,,,2026-06-16,TWSE T86 official,official-only,
1905.TW,華紙,造紙工業,chip_watch,False,False,True,momentum-fallback,0.2321617009993765,100.0,50.0,54.0,50.0,75.3,15.550000190734863,19.160114685556497,無即時資料,研究重點,風險穩定,40.1,,3.0,,,2026-06-16,TWSE T86 official,official-only,
2342.TW,茂矽,半導體業,chip_watch,False,False,True,momentum-fallback,0.46804482336159114,100.0,55.5,48.0,50.0,75.2,50.900001525878906,74.72348374916362,無即時資料,研究重點,風險穩定,40.7,,3.0,,,2026-06-16,TWSE T86 official,official-only,
3094.TW,聯傑,半導體業,chip_watch,False,False,True,momentum-fallback,0.43360454669743786,100.0,55.5,48.0,50.0,75.2,38.95000076293945,55.838898187618675,無即時資料,研究重點,風險穩定,0.0,,4.0,,,2026-06-16,TWSE T86 official,official-only,
4551.TW,智伸科,汽車工業,chip_watch,False,False,True,momentum-fallback,0.5631515151515152,100.0,50.0,53.0,50.0,75.1,201.5,314.97503030303034,無即時資料,研究重點,風險穩定,40.0,,10.0,,,2026-06-16,TWSE T86 official,official-only,
7610.TW,聯友金屬-創,綠能環保,chip_watch,False,False,True,momentum-fallback,5.879762828145995,100.0,50.0,53.0,50.0,75.1,2105.0,14481.900753247319,無即時資料,研究重點,風險穩定,40.0,,10.0,,,2026-06-16,TWSE T86 official,official-only,
6949.TW,沛爾生醫-創,生技醫療業,chip_watch,False,False,True,momentum-fallback,0.6399857954545455,100.0,50.0,53.0,50.0,75.1,895.0,1467.7872869318182,無即時資料,研究重點,風險穩定,40.0,,3.0,,,2026-06-16,TWSE T86 official,official-only,
3413.TW,京鼎,半導體業,chip_watch,False,False,True,momentum-fallback,0.08047999397181821,98.28799638309093,55.5,50.0,50.0,74.91519855323637,319.0,344.67311807701,無即時資料,研究重點,風險穩定,40.1,,3.0,,,2026-06-16,TWSE T86 official,official-only,
2380.TW,虹光,電腦及週邊設備業,chip_watch,False,False,True,momentum-fallback,0.21995051505020513,100.0,50.0,52.0,50.0,74.9,23.862749099731445,29.111373054731192,無即時資料,研究重點,風險穩定,40.0,,6.0,,,2026-06-16,TWSE T86 official,official-only,
3149.TW,正達,光電業,chip_watch,False,False,True,momentum-fallback,0.7239349837745883,100.0,50.0,52.0,50.0,74.9,94.0,162.0498884748113,無即時資料,研究重點,風險穩定,40.0,,6.0,,,2026-06-16,TWSE T86 official,official-only,
6225.TW,天瀚,光電業,chip_watch,False,False,True,momentum-fallback,0.20353714838121684,100.0,50.0,52.0,50.0,74.9,25.100000381469727,30.208782883481533,無即時資料,研究重點,風險穩定,40.0,,5.0,,,2026-06-16,TWSE T86 official,official-only,
3060.TW,銘異,電腦及週邊設備業,chip_watch,False,False,True,momentum-fallback,0.2431966155251286,100.0,50.0,52.0,50.0,74.9,37.25,46.309073928311044,無即時資料,研究重點,風險穩定,40.2,,3.0,,,2026-06-16,TWSE T86 official,official-only,
4755.TW,三福化,化學工業,chip_watch,False,False,True,momentum-fallback,0.2325925313945803,100.0,50.0,52.0,50.0,74.9,148.5,183.03999091209516,無即時資料,研究重點,風險穩定,40.0,,3.0,,,2026-06-16,TWSE T86 official,official-only,
1303.TW,南亞,塑膠工業,chip_watch,False,False,True,momentum-fallback,0.5991704745718829,100.0,50.0,52.0,50.0,74.9,126.5,202.29506503334318,無即時資料,研究重點,風險穩定,0.0,0.0,3.0,0.0,,2026-06-16,TWSE T86 official,degraded,
4807.TW,日成-KY,貿易百貨,chip_watch,False,False,True,momentum-fallback,0.5501457975569164,100.0,50.0,51.0,50.0,74.7,40.0,62.005831902276654,無即時資料,研究重點,風險穩定,40.0,,3.0,,,2026-06-16,TWSE T86 official,official-only,
2025.TW,千興,鋼鐵工業,chip_watch,False,False,True,momentum-fallback,0.15817030042158997,100.0,50.0,50.0,50.0,74.5,14.300000190734863,16.56183551693219,無即時資料,研究重點,風險穩定,40.0,,7.0,,,2026-06-16,TWSE T86 official,official-only,
1718.TW,中纖,化學工業,chip_watch,False,False,True,momentum-fallback,0.17964119102854265,100.0,50.0,50.0,50.0,74.5,9.5600004196167,11.277370281230011,無即時資料,研究重點,風險穩定,40.2,,5.0,,,2026-06-16,TWSE T86 official,official-only,
1776.TW,展宇,化學工業,chip_watch,False,False,True,momentum-fallback,0.12429228272979193,100.0,50.0,50.0,50.0,74.5,18.799999237060547,21.136694057553147,無即時資料,研究重點,風險穩定,40.0,,5.0,,,2026-06-16,TWSE T86 official,official-only,
8163.TW,達方,電腦及週邊設備業,chip_watch,False,False,True,momentum-fallback,0.18288866489853267,100.0,50.0,50.0,50.0,74.5,43.95000076293945,51.98795772476294,無即時資料,研究重點,風險穩定,40.2,,4.0,,,2026-06-16,TWSE T86 official,official-only,
1456.TW,怡華,建材營造,chip_watch,False,False,True,momentum-fallback,0.1226920059443022,100.0,50.0,50.0,50.0,74.5,15.300000190734863,17.17718790508433,無即時資料,研究重點,風險穩定,40.0,,4.0,,,2026-06-16,TWSE T86 official,official-only,
2910.TW,統領,貿易百貨,chip_watch,False,False,True,momentum-fallback,0.08789783987223054,100.0,50.0,50.0,50.0,74.5,23.149999618530273,25.184834578042047,無即時資料,研究重點,風險穩定,40.0,,4.0,,,2026-06-16,TWSE T86 official,official-only,
2880.TW,華南金,17,chip_watch,False,False,True,momentum-fallback,0.126489339103984,100.0,50.0,50.0,50.0,74.5,38.04999923706055,42.86291849346343,無即時資料,研究重點,風險穩定,41.7,,3.0,,,2026-06-16,TWSE T86 official,official-only,
2030.TW,彰源,鋼鐵工業,chip_watch,False,False,True,momentum-fallback,0.10427954943310798,100.0,50.0,50.0,50.0,74.5,18.450000762939453,20.373958529539276,無即時資料,研究重點,風險穩定,40.0,,3.0,,,2026-06-16,TWSE T86 official,official-only,
3653.TW,健策,電子零組件業,chip_watch,False,False,True,momentum-fallback,0.15429572537690717,100.0,50.0,50.0,50.0,74.5,3965.0,4576.782551119437,無即時資料,研究重點,風險穩定,40.0,,3.0,,,2026-06-16,TWSE T86 official,official-only,
3669.TW,圓展,通信網路業,chip_watch,False,False,True,momentum-fallback,0.08698014819569264,100.0,50.0,50.0,50.0,74.5,35.400001525878906,38.4790989047276,無即時資料,研究重點,風險穩定,40.0,,3.0,,,2026-06-16,TWSE T86 official,official-only,
2395.TW,研華,電腦及週邊設備業,chip_watch,False,False,True,momentum-fallback,0.2951460930808033,100.0,50.0,50.0,50.0,74.5,486.5,630.0885742838109,無即時資料,研究重點,風險穩定,0.0,,7.0,,,2026-06-16,TWSE T86 official,official-only,
5292.TW,華懋,綠能環保,chip_watch,False,False,True,momentum-fallback,0.25234567901234556,100.0,50.0,50.0,50.0,74.5,224.0,280.5254320987654,無即時資料,研究重點,風險穩定,0.0,,7.0,,,2026-06-16,TWSE T86 official,official-only,
1802.TW,台玻,玻璃陶瓷,chip_watch,False,False,True,momentum-fallback,0.4343011384244329,100.0,50.0,50.0,50.0,74.5,69.69999694824219,99.97078497104326,無即時資料,研究重點,風險穩定,0.0,0.0,3.0,0.0,,2026-06-16,TWSE T86 official,degraded,
7827.TW,漢康-KY創,生技醫療業,chip_watch,False,False,True,momentum-fallback,0.4160947093155461,100.0,50.0,49.0,50.0,74.3,170.5,241.4441479383006,無即時資料,研究重點,風險穩定,40.1,,3.0,,,2026-06-16,TWSE T86 official,official-only,
3043.TW,科風,其他電子業,chip_watch,False,False,True,momentum-fallback,0.08228170200876292,99.36902120525775,50.0,50.0,50.0,74.2476084821031,24.299999237060547,26.299444533097528,無即時資料,研究重點,風險穩定,40.0,,4.0,,,2026-06-16,TWSE T86 official,official-only,
2243.TW,宏旭-KY,汽車工業,chip_watch,False,False,True,momentum-fallback,1.3965485844438377,100.0,50.0,48.0,50.0,74.1,46.5,111.43950917663844,無即時資料,研究重點,風險穩定,40.1,,5.0,,,2026-06-16,TWSE T86 official,official-only,
1709.TW,和益,化學工業,chip_watch,False,False,True,momentum-fallback,0.0816146729279566,98.96880375677395,50.0,50.0,50.0,74.08752150270959,20.950000762939453,22.659828223047196,無即時資料,研究重點,風險穩定,40.0,,3.0,,,2026-06-16,TWSE T86 official,official-only,
3583.TW,辛耘,半導體業,chip_watch,False,False,True,momentum-fallback,0.5447778371880486,100.0,55.5,42.0,50.0,74.0,826.0,1275.986493517328,無即時資料,研究重點,技術結構偏空,40.0,,4.0,,,2026-06-16,TWSE T86 official,official-only,
2838.TW,聯邦銀,金融保險業,chip_watch,False,False,True,momentum-fallback,0.08114289279362817,98.6857356761769,50.0,50.0,50.0,73.97429427047076,22.450000762939453,24.27165876806352,無即時資料,研究重點,風險穩定,40.2,,4.0,,,2026-06-16,TWSE T86 official,official-only,
6944.TW,兆聯實業,綠能環保,chip_watch,False,False,True,momentum-fallback,0.242740581303047,100.0,50.0,46.0,50.0,73.7,993.0,1234.0413972339256,無即時資料,研究重點,風險穩定,40.0,,6.0,,,2026-06-16,TWSE T86 official,official-only,
3044.TW,健鼎,電子零組件業,chip_watch,False,False,True,momentum-fallback,0.4337573433024227,100.0,50.0,46.0,50.0,73.7,569.0,815.8079283390784,無即時資料,研究重點,風險穩定,40.5,,3.0,,,2026-06-16,TWSE T86 official,official-only,
3034.TW,聯詠,半導體業,chip_watch,False,False,True,momentum-fallback,0.15550758068650072,100.0,55.5,40.0,50.0,73.6,502.0,580.0648055046233,無即時資料,研究重點,風險穩定,40.1,,5.0,,,2026-06-16,TWSE T86 official,official-only,
6526.TW,達發,半導體業,chip_watch,False,False,True,momentum-fallback,0.2195948739148409,100.0,55.5,40.0,50.0,73.6,660.0,804.932616783795,無即時資料,研究重點,技術結構偏空,40.0,,5.0,,,2026-06-16,TWSE T86 official,official-only,
3711.TW,日月光投控,半導體業,chip_watch,False,False,True,momentum-fallback,0.5885780885780885,100.0,55.5,40.0,50.0,73.6,588.0,934.083916083916,無即時資料,研究重點,風險穩定,40.2,,3.0,,,2026-06-16,TWSE T86 official,official-only,
8131.TW,福懋科,半導體業,chip_watch,False,False,True,momentum-fallback,0.2897671414984575,100.0,55.5,40.0,50.0,73.6,74.80000305175781,96.47458612014157,無即時資料,研究重點,風險穩定,40.0,,3.0,,,2026-06-16,TWSE T86 official,official-only,
2369.TW,菱生,半導體業,chip_watch,False,False,True,momentum-fallback,0.24311806546119108,100.0,55.5,40.0,50.0,73.6,34.45000076293945,42.82541830356185,無即時資料,研究重點,風險穩定,40.0,,3.0,,,2026-06-16,TWSE T86 official,official-only,
2338.TW,光罩,半導體業,chip_watch,False,False,True,momentum-fallback,0.2600912810972115,100.0,55.5,38.0,50.0,73.2,52.099998474121094,65.65075382241801,無即時資料,研究重點,技術結構偏空,40.0,,3.0,,,2026-06-16,TWSE T86 official,official-only,
1301.TW,台塑,塑膠工業,chip_watch,False,False,True,momentum-fallback,0.10534166122453338,100.0,50.0,42.0,50.0,72.9,47.650001525878906,52.669531843966546,無即時資料,研究重點,技術結構偏空,41.0,,3.0,,,2026-06-16,TWSE T86 official,official-only,
3715.TW,定穎投控,電子零組件業,chip_watch,False,False,True,momentum-fallback,0.1589583333333333,100.0,50.0,42.0,50.0,72.9,174.5,202.23822916666666,無即時資料,研究重點,風險穩定,40.4,,3.0,,,2026-06-16,TWSE T86 official,official-only,
2488.TW,漢平,其他電子業,chip_watch,False,False,True,momentum-fallback,0.0838791661242598,100.0,50.0,42.0,50.0,72.9,54.099998474121094,58.637861233454096,無即時資料,研究重點,風險穩定,40.0,,3.0,,,2026-06-16,TWSE T86 official,official-only,
6164.TW,華興,光電業,chip_watch,False,False,True,momentum-fallback,0.12457116803195176,100.0,50.0,42.0,50.0,72.9,13.350000381469727,15.013025522216411,無即時資料,研究重點,風險穩定,40.0,,3.0,,,2026-06-16,TWSE T86 official,official-only,
5215.TW,科嘉-KY,電腦及週邊設備業,chip_watch,False,False,True,momentum-fallback,0.09367896773629214,100.0,50.0,42.0,50.0,72.9,44.25,48.395294322330926,無即時資料,研究重點,技術結構偏空,40.0,,3.0,,,2026-06-16,TWSE T86 official,official-only,
2618.TW,長榮航,航運業,chip_watch,False,False,True,momentum-fallback,0.16859064559159515,100.0,50.0,42.0,50.0,72.9,42.900001525878906,50.13254047900725,無即時資料,研究重點,風險穩定,0.0,0.0,6.0,0.0,,2026-06-16,TWSE T86 official,degraded,
2409.TW,友達,光電業,chip_watch,False,False,True,momentum-fallback,0.5458657876635516,100.0,50.0,42.0,50.0,72.9,26.25,40.57897692616823,無即時資料,研究重點,風險穩定,0.0,13306.0,0.0,1.0,永豐金,2026-06-15,TWSE T86 official + HiStock branch,official+broker,永豐金、元大-蘆洲、國票-博愛、群益金鼎、台新-緯城、台新-松德、中國信託-忠孝、兆豐-大安、新百王、康和
2892.TW,第一金,金融保險業,chip_watch,False,False,True,momentum-fallback,0.07590652003783936,95.54391202270361,50.0,50.0,50.0,72.71756480908144,31.0,33.353102121173016,無即時資料,研究重點,風險穩定,44.1,,7.0,,,2026-06-16,TWSE T86 official,official-only,
1307.TW,三芳,塑膠工業,chip_watch,False,False,True,momentum-fallback,0.08451298043583133,100.0,50.0,40.0,50.0,72.5,36.900001525878906,40.01853063291766,無即時資料,研究重點,風險穩定,40.1,,10.0,,,2026-06-16,TWSE T86 official,official-only,
5288.TW,豐祥-KY,電機機械,chip_watch,False,False,True,momentum-fallback,0.1863024679865119,100.0,50.0,40.0,50.0,72.5,191.5,227.17692261941704,無即時資料,研究重點,風險穩定,40.0,,10.0,,,2026-06-16,TWSE T86 official,official-only,
5434.TW,崇越,電子通路業,chip_watch,False,False,True,momentum-fallback,0.24588812277043126,100.0,50.0,40.0,50.0,72.5,476.5,593.6656905001105,無即時資料,研究重點,風險穩定,40.0,,7.0,,,2026-06-16,TWSE T86 official,official-only,
3092.TW,鴻碩,電子零組件業,chip_watch,False,False,True,momentum-fallback,0.3495696329309518,100.0,50.0,40.0,50.0,72.5,30.25,40.824481396161296,無即時資料,研究重點,技術結構偏空,40.0,,4.0,,,2026-06-16,TWSE T86 official,official-only,
1326.TW,台化,塑膠工業,chip_watch,False,False,True,momentum-fallback,0.3164694653517531,100.0,50.0,40.0,50.0,72.5,53.900001525878906,70.95770619123248,無即時資料,研究重點,技術結構偏空,42.6,,3.0,,,2026-06-16,TWSE T86 official,official-only,
8046.TW,南電,電子零組件業,chip_watch,False,False,True,momentum-fallback,0.8353026160442428,100.0,50.0,40.0,50.0,72.5,881.0,1616.9016047349778,無即時資料,研究重點,風險穩定,40.6,,3.0,,,2026-06-16,TWSE T86 official,official-only,
1725.TW,元禎,化學工業,chip_watch,False,False,True,momentum-fallback,0.1657312329203654,100.0,50.0,40.0,50.0,72.5,33.79999923706055,39.401714783326,無即時資料,研究重點,風險穩定,40.0,,3.0,,,2026-06-16,TWSE T86 official,official-only,
3035.TW,智原,半導體業,chip_watch,False,False,True,momentum-fallback,0.15217519926295942,100.0,55.5,33.0,50.0,72.2,199.0,229.28286465332891,無即時資料,研究重點,技術結構偏空,40.0,,5.0,,,2026-06-16,TWSE T86 official,official-only,
2434.TW,統懋,半導體業,chip_watch,False,False,True,momentum-fallback,0.15241716432880825,100.0,55.5,32.0,50.0,72.0,36.900001525878906,42.524195122182064,無即時資料,研究重點,技術結構偏空,40.0,,5.0,,,2026-06-16,TWSE T86 official,official-only,
2704.TW,國賓,觀光餐旅,chip_watch,False,False,True,momentum-fallback,0.05600013674266931,83.60008204560158,50.0,69.0,50.0,71.74003281824064,45.400001525878906,47.94240781944552,無即時資料,研究重點,風險穩定,40.0,,3.0,,,2026-06-16,TWSE T86 official,official-only,
1789.TW,神隆,生技醫療業,chip_watch,False,False,True,momentum-fallback,0.07163401769555137,92.98041061733082,50.0,48.0,50.0,71.29216424693233,20.299999237060547,21.754169741627823,無即時資料,研究重點,風險穩定,40.0,,3.0,,,2026-06-16,TWSE T86 official,official-only,
7822.TW,倍利科,半導體業,chip_watch,False,False,True,momentum-fallback,0.2825333455004487,100.0,55.5,28.0,50.0,71.2,1090.0,1397.961346595489,無即時資料,研究重點,技術結構偏空,0.0,,4.0,,,2026-06-16,TWSE T86 official,official-only,
6799.TW,來頡,半導體業,chip_watch,False,False,True,momentum-fallback,0.0646481245552859,88.78887473317154,55.5,50.0,50.0,71.11554989326862,90.0,95.81833120997572,無即時資料,研究重點,風險穩定,40.0,,3.0,,,2026-06-16,TWSE T86 official,official-only,
2399.TW,映泰,電腦及週邊設備業,chip_watch,False,False,True,momentum-fallback,0.495030783000409,100.0,50.0,32.0,50.0,70.9,52.0,77.74160071602127,無即時資料,研究重點,技術結構偏空,40.9,,4.0,,,2026-06-16,TWSE T86 official,official-only,
3037.TW,欣興,電子零組件業,chip_watch,False,False,True,momentum-fallback,1.2783826849024031,100.0,50.0,32.0,50.0,70.9,984.0,2241.9285619439643,無即時資料,研究重點,技術結構偏空,40.1,,4.0,,,2026-06-16,TWSE T86 official,official-only,
2885.TW,元大金,17,chip_watch,False,False,True,momentum-fallback,0.29798523363156143,100.0,50.0,32.0,50.0,70.9,66.4000015258789,86.18622149370397,無即時資料,研究重點,技術結構偏空,40.4,,3.0,,,2026-06-16,TWSE T86 official,official-only,
6269.TW,台郡,電子零組件業,chip_watch,False,False,True,momentum-fallback,0.23437812690538903,100.0,50.0,32.0,50.0,70.9,79.0,97.51587202552574,無即時資料,研究重點,技術結構偏空,40.2,,3.0,,,2026-06-16,TWSE T86 official,official-only,
6937.TW,天虹,半導體業,chip_watch,False,False,True,momentum-fallback,0.052364929898296386,81.41895793897783,55.5,62.0,50.0,70.56758317559112,271.0,285.1908960024383,無即時資料,研究重點,風險穩定,0.0,,5.0,,,2026-06-16,TWSE T86 official,official-only,
1713.TW,國化,化學工業,chip_watch,False,False,True,momentum-fallback,0.07523403519212747,95.14042111527648,50.0,40.0,50.0,70.5561684461106,49.70000076293945,53.4391323693872,無即時資料,研究重點,風險穩定,40.0,,4.0,,,2026-06-16,TWSE T86 official,official-only,
2897.TW,王道銀行,金融保險業,chip_watch,False,False,True,momentum-fallback,0.06160814547544091,86.96488728526455,50.0,54.0,50.0,70.08595491410583,10.550000190734863,11.199966137251586,無即時資料,研究重點,風險穩定,40.9,,10.0,,,2026-06-16,TWSE T86 official,official-only,
2392.TW,正崴,電子零組件業,chip_watch,False,False,True,momentum-fallback,0.06324955735948766,87.9497344156926,50.0,50.0,50.0,69.67989376627705,39.95000076293945,42.476820627706566,無即時資料,等待確認,風險穩定,40.2,,3.0,,,2026-06-16,TWSE T86 official,official-only,
1513.TW,中興電,電機機械,chip_watch,False,False,True,momentum-fallback,0.07240592346975325,93.44355408185194,50.0,36.0,50.0,69.07742163274078,170.0,182.30900698985803,無即時資料,等待確認,技術結構偏空,40.0,,3.0,,,2026-06-16,TWSE T86 official,official-only,
6962.TW,奕力-KY,半導體業,chip_watch,False,False,True,momentum-fallback,0.06113718218083,86.68230930849799,55.5,42.0,50.0,68.67292372339921,38.650001525878906,41.012953710455925,無即時資料,等待確認,風險穩定,40.1,,5.0,,,2026-06-16,TWSE T86 official,official-only,
4306.TW,炎洲,塑膠工業,chip_watch,False,False,True,momentum-fallback,0.06601647787135892,89.60988672281536,50.0,40.0,50.0,68.34395468912615,15.899999618530273,16.949661591501595,無即時資料,等待確認,風險穩定,40.2,,10.0,,,2026-06-16,TWSE T86 official,official-only,
8488.TW,吉源-KY,其他,chip_watch,False,False,True,momentum-fallback,0.05687637573575821,84.12582544145494,50.0,50.0,50.0,68.15033017658197,10.350000381469727,10.938670892031439,無即時資料,等待確認,風險穩定,40.0,,4.0,,,2026-06-16,TWSE T86 official,official-only,
6230.TW,尼得科超眾,電腦及週邊設備業,chip_watch,False,False,True,momentum-fallback,0.06518457752255945,89.11074651353567,50.0,40.0,50.0,68.14429860541426,134.0,142.73473338802296,無即時資料,等待確認,風險穩定,40.0,,3.0,,,2026-06-16,TWSE T86 official,official-only,
2832.TW,台產,金融保險業,chip_confirmed,False,False,True,momentum-fallback,0.05336005291179634,82.0160317470778,50.0,54.0,50.0,68.10641269883112,56.20000076293945,59.1988357772929,無即時資料,等待確認,風險穩定,40.1,,3.0,,,2026-06-16,TWSE T86 official,official-only,
8476.TW,台境*,綠能環保,chip_watch,False,False,True,momentum-fallback,0.06393990095988931,88.36394057593358,50.0,40.0,50.0,67.84557623037344,19.700000762939453,20.959616860631545,無即時資料,等待確認,風險穩定,40.0,,3.0,,,2026-06-16,TWSE T86 official,official-only,
6958.TW,日盛台駿,其他,chip_watch,False,False,True,momentum-fallback,0.05242323675987779,81.45394205592667,50.0,50.0,50.0,67.08157682237066,17.0,17.891195024917923,無即時資料,等待確認,風險穩定,40.0,,4.0,,,2026-06-16,TWSE T86 official,official-only,
3596.TW,智易,通信網路業,chip_watch,False,False,True,momentum-fallback,0.05042185090359188,80.25311054215513,50.0,50.0,50.0,66.60124421686206,192.5,202.20620629894142,無即時資料,等待確認,風險穩定,40.1,,5.0,,,2026-06-16,TWSE T86 official,official-only,
1203.TW,味王,食品工業,chip_watch,False,False,True,momentum-fallback,0.05667804492286861,84.00682695372117,50.0,40.0,50.0,66.10273078148848,43.29999923706055,45.754158538978835,無即時資料,等待確認,風險穩定,40.0,,4.0,,,2026-06-16,TWSE T86 official,official-only,
1617.TW,榮星,電器電纜,chip_watch,False,False,True,momentum-fallback,0.05036623612878319,80.21974167726991,50.0,46.0,50.0,65.78789667090797,16.25,17.068451337092725,無即時資料,等待確認,風險穩定,40.0,,5.0,,,2026-06-16,TWSE T86 official,official-only,
3045.TW,台灣大,通信網路業,chip_watch,False,False,True,momentum-fallback,0.047754237288135576,78.65254237288134,50.0,48.0,50.0,65.56101694915253,118.5,124.15887711864407,無即時資料,等待確認,風險穩定,40.8,,10.0,,,2026-06-16,TWSE T86 official,official-only,
2884.TW,玉山金,金融保險業,chip_watch,False,False,True,momentum-fallback,0.044022967210851416,76.41378032651085,50.0,47.0,50.0,64.46551213060434,34.349998474121094,35.862187330640126,無即時資料,等待確認,風險穩定,46.7,,4.0,,,2026-06-16,TWSE T86 official,official-only,
9918.TW,欣天然,油電燃氣業,chip_watch,False,False,True,momentum-fallback,0.04136723144133479,74.82033886480087,50.0,50.0,50.0,64.42813554592036,43.400001525878906,45.19533943355422,無即時資料,等待確認,風險穩定,40.0,,3.0,,,2026-06-16,TWSE T86 official,official-only,
1907.TW,永豐餘,造紙工業,chip_watch,False,False,True,momentum-fallback,0.047541168582677734,78.52470114960664,50.0,40.0,50.0,63.909880459842654,27.450000762939453,28.755005876804987,無即時資料,等待確認,風險穩定,40.0,,3.0,,,2026-06-16,TWSE T86 official,official-only,
1313.TW,聯成,塑膠工業,chip_watch,False,False,True,momentum-fallback,0.04065179047142865,74.39107428285719,50.0,48.0,50.0,63.85642971314288,11.350000381469727,11.81139821882787,無即時資料,等待確認,風險穩定,40.1,,8.0,,,2026-06-16,TWSE T86 official,official-only,
2515.TW,中工,建材營造,chip_watch,False,False,True,momentum-fallback,0.04486246456159165,76.91747873695499,50.0,42.0,50.0,63.666991494781996,13.5,14.105643271581487,無即時資料,等待確認,風險穩定,40.2,,3.0,,,2026-06-16,TWSE T86 official,official-only,
2248.TW,華勝-KY,汽車工業,chip_watch,False,False,True,momentum-fallback,0.038029456969437776,72.81767418166267,50.0,50.0,50.0,63.62706967266507,55.79999923706055,57.922042906941,無即時資料,等待確認,風險穩定,40.0,,7.0,,,2026-06-16,TWSE T86 official,official-only,
1817.TW,凱撒衛,玻璃陶瓷,chip_watch,False,False,True,momentum-fallback,0.04326630203116301,75.9597812186978,50.0,40.0,50.0,62.88391248747912,40.599998474121094,42.356610270567174,無即時資料,等待確認,風險穩定,40.0,,3.0,,,2026-06-16,TWSE T86 official,official-only,
1434.TW,福懋,紡織纖維,chip_watch,False,False,True,momentum-fallback,0.030184867263902394,68.11092035834143,50.0,54.0,50.0,62.54436814333657,16.799999237060547,17.307104984064882,無即時資料,等待確認,風險穩定,40.2,,3.0,,,2026-06-16,TWSE T86 official,official-only,
1722.TW,台肥,化學工業,chip_watch,False,False,True,momentum-fallback,0.04065643366282442,74.39386019769465,50.0,40.0,50.0,62.25754407907786,49.150001525878906,51.14826530244352,無即時資料,等待確認,風險穩定,40.1,,10.0,,,2026-06-16,TWSE T86 official,official-only,
1341.TW,富林-KY,塑膠工業,chip_watch,False,False,True,momentum-fallback,0.031676025329641616,69.00561519778498,50.0,50.0,50.0,62.102246079113996,62.20000076293945,64.17024956261005,無即時資料,等待確認,風險穩定,40.0,,4.0,,,2026-06-16,TWSE T86 official,official-only,
2845.TW,遠東銀,金融保險業,chip_confirmed,False,False,True,momentum-fallback,0.03800903827280637,72.80542296368382,50.0,42.0,50.0,62.02216918547353,13.25,13.753619757114686,無即時資料,等待確認,風險穩定,42.0,,3.0,,,2026-06-16,TWSE T86 official,official-only,
2034.TW,允強,鋼鐵工業,chip_watch,False,False,True,momentum-fallback,0.038654034099815014,73.19242045988901,50.0,40.0,50.0,61.7769681839556,20.899999618530273,21.70786891647106,無即時資料,觀察,風險穩定,40.1,,3.0,,,2026-06-16,TWSE T86 official,official-only,
9944.TW,新麗,其他,chip_watch,False,False,True,momentum-fallback,0.027766721182219053,66.66003270933143,50.0,50.0,50.0,61.16401308373257,17.549999237060547,18.037305172624162,無即時資料,觀察,風險穩定,40.0,,4.0,,,2026-06-16,TWSE T86 official,official-only,
5880.TW,合庫金,金融保險業,chip_watch,False,False,True,momentum-fallback,0.02600264402687016,65.6015864161221,50.0,50.0,50.0,60.74063456644885,24.700000762939453,25.342266090241587,無即時資料,觀察,風險穩定,46.2,,3.0,,,2026-06-16,TWSE T86 official,official-only,
8482.TW,商億-KY,居家生活,chip_watch,False,False,True,momentum-fallback,0.013508615786410539,58.105169471846324,50.0,61.0,50.0,57.094325699438414,49.0,49.66192217353412,無即時資料,觀察,風險穩定,40.0,,4.0,,,2026-06-16,TWSE T86 official,official-only,
4590.TW,富田-創,電機機械,chip_watch,False,False,True,momentum-fallback,0.005046301989051413,53.02778119343085,50.0,62.0,50.0,50.62472245145198,77.69999694824219,78.0920945973914,無即時資料,觀察,風險穩定,40.0,,10.0,,,2026-06-16,TWSE T86 official,official-only,
1308.TW,亞聚,塑膠工業,chip_watch,False,False,True,momentum-fallback,0.008388041275343178,55.03282476520591,50.0,54.0,50.0,50.20954011708428,13.649999618530273,13.764496378738924,無即時資料,觀察,風險穩定,40.1,,3.0,,,2026-06-16,TWSE T86 official,official-only,
8261.TW,富鼎,半導體業,legacy_watch,True,False,False,momentum-fallback,0.5939808306709266,100.0,55.5,52.0,50.0,76.0,195.5,311.6232523961661,無即時資料,研究重點,風險穩定,0.0,,0.0,,,2026-06-16,TWSE T86 official,official-only,
6770.TW,力積電,半導體業,legacy_watch,True,False,False,momentum-fallback,0.447738084494469,100.0,55.5,50.0,50.0,75.6,72.0,104.23714208360177,無即時資料,研究重點,風險穩定,0.0,0.0,0.0,0.0,,2026-06-16,TWSE T86 official,degraded,
3006.TW,晶豪科,半導體業,legacy_watch,True,False,False,momentum-fallback,0.6902675697017555,100.0,55.5,50.0,50.0,75.6,225.0,380.310203182895,無即時資料,研究重點,風險穩定,40.2,,1.0,,,2026-06-16,TWSE T86 official,official-only,
4967.TW,十銓,半導體業,legacy_watch,True,False,False,momentum-fallback,0.3672288432101464,100.0,55.5,50.0,50.0,75.6,274.0,374.6207030395801,無即時資料,研究重點,風險穩定,0.0,,0.0,,,2026-06-16,TWSE T86 official,official-only,
2363.TW,矽統,半導體業,legacy_watch,True,False,False,momentum-fallback,0.1345771664480395,100.0,55.5,50.0,50.0,75.6,59.20000076293945,67.16696911933762,無即時資料,研究重點,風險穩定,0.0,,0.0,,,2026-06-16,TWSE T86 official,official-only,
8150.TW,南茂,半導體業,legacy_watch,True,False,False,momentum-fallback,0.4502382292149232,100.0,55.5,49.0,50.0,75.4,95.30000305175781,138.207707669958,無即時資料,研究重點,風險穩定,0.0,,0.0,,,2026-06-16,TWSE T86 official,official-only,
2610.TW,華航,航運業,legacy_watch,True,False,False,momentum-fallback,0.12034673293034807,100.0,50.0,50.0,50.0,74.5,22.0,24.64762812446766,無即時資料,研究重點,風險穩定,0.0,0.0,0.0,0.0,,2026-06-16,TWSE T86 official,degraded,
2330.TW,台積電,半導體業,legacy_watch,True,False,False,momentum-fallback,0.252569386038688,100.0,55.5,42.0,50.0,74.0,2365.0,2962.326597981497,無即時資料,研究重點,技術結構偏空,40.5,,0.0,,,2026-06-16,TWSE T86 official,official-only,
6239.TW,力成,半導體業,legacy_watch,True,False,False,momentum-fallback,0.5212653340805778,100.0,55.5,40.0,50.0,73.6,350.0,532.4428669282023,無即時資料,研究重點,風險穩定,0.0,0.0,1.0,0.0,,2026-06-16,TWSE T86 official,degraded,
8110.TW,華東,半導體業,legacy_watch,True,False,False,momentum-fallback,0.08413771976473557,100.0,55.5,40.0,50.0,73.6,57.5,62.33791888647229,無即時資料,研究重點,風險穩定,0.0,,0.0,,,2026-06-16,TWSE T86 official,official-only,
1714.TW,和桐,化學工業,legacy_watch,True,False,False,momentum-fallback,0.6987821300805109,100.0,50.0,44.0,50.0,73.3,18.649999618530273,31.68228607796757,無即時資料,研究重點,風險穩定,0.0,0.0,0.0,0.0,,2026-06-16,TWSE T86 official,degraded,
8112.TW,至上,電子通路業,legacy_watch,True,False,False,momentum-fallback,0.14830042180633063,100.0,50.0,40.0,50.0,72.5,96.0999984741211,110.35166878342098,無即時資料,研究重點,風險穩定,0.0,,0.0,,,2026-06-16,TWSE T86 official,official-only,
2401.TW,凌陽,半導體業,legacy_watch,True,False,False,momentum-fallback,0.34797912095530326,100.0,55.5,34.0,50.0,72.4,31.649999618530273,42.66353866402212,無即時資料,研究重點,技術結構偏空,0.0,,0.0,,,2026-06-16,TWSE T86 official,official-only,
