symbol,date,open,high,low,close,volume
1101,2026-08-18,24.1,24.45,23.9,24.1,26187879.0
1102,2026-08-18,33.3,33.5,33.2,33.5,5619606.0
1103,2026-08-18,13.05,13.15,13.05,13.05,229211.0
1104,2026-08-18,26.5,26.55,26.4,26.4,1290439.0
1108,2026-08-18,11.8,11.9,11.7,11.8,210430.0
1109,2026-08-18,13.5,13.75,13.5,13.75,73848.0
1110,2026-08-18,15.95,16.15,15.85,15.85,344258.0
1201,2026-08-18,12.2,12.35,12.2,12.3,262139.0
1203,2026-08-18,43.6,43.85,43.55,43.7,16803.0
1210,2026-08-18,52.0,53.2,52.0,53.0,2459412.0
1213,2026-08-18,7.5,7.5,7.3,7.3,124128.0
1215,2026-08-18,108.5,110.0,108.0,110.0,557101.0
1216,2026-08-18,75.0,76.2,74.7,76.2,9101134.0
1217,2026-08-18,9.99,9.99,9.93,9.94,429956.0
1218,2026-08-18,14.6,14.6,14.25,14.3,1682527.0
1219,2026-08-18,11.2,11.3,11.1,11.25,427512.0
1220,2026-08-18,10.9,11.05,10.8,10.95,280738.0
1225,2026-08-18,24.4,24.5,24.3,24.3,61595.0
1227,2026-08-18,28.8,29.1,28.7,29.0,794570.0
1229,2026-08-18,40.85,41.0,40.65,40.95,969668.0
1231,2026-08-18,80.3,82.1,80.3,81.9,411012.0
1232,2026-08-18,153.0,155.0,153.0,155.0,144170.0
1233,2026-08-18,28.0,28.0,27.7,27.8,16073.0
1234,2026-08-18,33.3,33.5,33.25,33.35,110473.0
1235,2026-08-18,36.0,36.3,35.6,35.6,20243.0
1236,2026-08-18,25.35,25.55,25.1,25.4,79990.0
1240,2026-08-19,57.0,57.1,57.0,57.1,2000.0
1256,2026-08-18,178.0,178.0,174.5,175.5,106802.0
1259,2026-08-19,0.0,0.0,0.0,0.0,0.0
1264,2026-08-19,259.0,260.0,256.0,256.0,35000.0
1268,2026-08-19,177.0,183.0,177.0,181.5,74000.0
1294,2026-08-19,56.1,56.8,56.0,56.8,15000.0
1295,2026-08-19,45.85,45.9,45.55,45.85,39000.0
1301,2026-08-18,59.2,60.3,58.7,58.9,20595196.0
1303,2026-08-18,199.5,204.5,198.0,200.0,69266366.0
1304,2026-08-18,11.85,12.1,11.85,11.9,1671055.0
1305,2026-08-18,11.85,12.15,11.85,11.9,1122144.0
1307,2026-08-18,30.35,30.55,30.3,30.3,515237.0
1308,2026-08-18,13.4,13.75,13.4,13.45,1411605.0
1309,2026-08-18,12.7,12.95,12.6,12.8,884363.0
1310,2026-08-18,8.12,8.28,8.07,8.15,3251161.0
1312,2026-08-18,11.7,11.95,11.7,11.8,3143415.0
1313,2026-08-18,11.7,11.8,11.55,11.6,1262092.0
1314,2026-08-18,7.78,7.95,7.78,7.86,18612952.0
1315,2026-08-18,66.0,66.6,65.4,65.8,125155.0
1316,2026-08-18,10.6,10.65,10.35,10.45,2191846.0
1319,2026-08-18,83.1,83.1,81.4,81.9,2649034.0
1321,2026-08-18,31.65,31.95,31.65,31.75,46000.0
1323,2026-08-18,21.65,21.65,21.3,21.3,31532.0
1324,2026-08-18,10.05,10.15,9.98,10.0,33894.0
1325,2026-08-18,26.2,26.2,25.85,25.9,116079.0
1326,2026-08-18,59.0,61.4,59.0,59.4,25250779.0
1336,2026-08-19,17.25,17.65,17.0,17.35,341000.0
1337,2026-08-18,4.64,4.65,4.58,4.62,254909.0
1338,2026-08-18,14.9,14.9,14.5,14.5,38154.0
1339,2026-08-18,45.0,45.55,44.75,45.0,104348.0
1340,2026-08-18,5.05,5.19,5.05,5.07,47654.0
1341,2026-08-18,60.4,60.5,60.4,60.5,3000.0
1342,2026-08-18,101.5,102.0,100.5,101.5,142283.0
1402,2026-08-18,27.5,27.8,27.4,27.8,11144359.0
1409,2026-08-18,24.2,24.55,24.0,24.35,8470444.0
1410,2026-08-18,25.65,26.3,25.65,25.75,52117.0
1413,2026-08-18,9.26,9.32,9.26,9.32,12984.0
1414,2026-08-18,20.3,20.45,19.8,20.4,406910.0
1416,2026-08-18,11.8,11.9,11.65,11.7,532050.0
1417,2026-08-18,8.23,8.29,8.2,8.27,111892.0
1418,2026-08-18,17.85,18.15,17.8,17.8,37154.0
1419,2026-08-18,63.5,64.0,63.4,63.5,99458.0
1423,2026-08-18,35.3,35.35,35.0,35.35,5575.0
1432,2026-08-18,15.2,15.2,15.0,15.05,68760.0
1434,2026-08-18,17.6,17.75,17.5,17.55,1312193.0
1435,2026-08-18,23.85,23.85,23.45,23.45,12690.0
1436,2026-08-18,37.3,37.55,36.8,37.55,164081.0
1437,2026-08-18,31.3,31.5,30.95,31.4,10066574.0
1438,2026-08-18,22.1,22.4,22.0,22.4,31100.0
1439,2026-08-18,28.8,29.15,28.75,29.15,71015.0
1440,2026-08-18,13.6,13.65,13.3,13.35,1897006.0
1441,2026-08-18,8.85,8.85,8.81,8.81,12206.0
1442,2026-08-18,29.75,29.95,29.55,29.6,138866.0
1443,2026-08-18,24.7,24.95,24.65,24.65,12441.0
1444,2026-08-18,7.1,7.54,7.1,7.3,2402335.0
1445,2026-08-18,10.15,10.25,10.15,10.2,57155.0
1446,2026-08-18,13.65,13.7,13.65,13.7,86546.0
1447,2026-08-18,6.76,6.98,6.75,6.9,1754689.0
1449,2026-08-18,12.2,12.35,12.1,12.2,439247.0
1451,2026-08-18,17.3,17.4,17.2,17.4,73283.0
1452,2026-08-18,11.45,11.6,11.4,11.45,96692.0
1453,2026-08-18,11.15,11.2,11.1,11.2,42550.0
1454,2026-08-18,12.55,12.6,12.3,12.3,46708.0
1455,2026-08-18,9.99,10.1,9.87,10.0,1651693.0
1456,2026-08-18,13.6,14.1,13.45,13.8,67523.0
1457,2026-08-18,14.25,14.4,14.25,14.35,51440.0
1459,2026-08-18,13.9,14.05,13.35,13.75,213936.0
1460,2026-08-18,6.56,6.76,6.53,6.56,312920.0
1463,2026-08-18,17.55,17.7,17.5,17.7,90005.0
1464,2026-08-18,10.15,10.2,10.1,10.1,234286.0
1465,2026-08-18,12.05,12.15,11.95,12.05,220498.0
1466,2026-08-18,16.3,16.4,16.2,16.3,158049.0
1467,2026-08-18,8.41,8.43,8.26,8.26,300540.0
1468,2026-08-18,13.15,13.35,13.0,13.2,44008.0
1470,2026-08-18,23.95,23.95,23.1,23.6,24018.0
1471,2026-08-18,9.4,9.48,9.36,9.36,181580.0
1472,2026-08-18,89.0,89.1,88.5,88.5,10380.0
1473,2026-08-18,19.7,19.9,19.6,19.9,37188.0
1474,2026-08-18,9.96,9.99,9.92,9.99,63558.0
1475,2026-08-18,25.05,25.35,24.95,25.35,5000.0
1476,2026-08-18,316.5,316.5,309.5,310.5,1478798.0
1477,2026-08-18,205.5,205.5,195.0,197.5,4103694.0
1503,2026-08-18,201.0,204.0,199.0,199.5,989417.0
1504,2026-08-18,71.7,72.5,70.3,71.0,8487694.0
1506,2026-08-18,10.2,10.3,10.15,10.15,189027.0
1512,2026-08-18,6.68,6.68,6.51,6.55,38208.0
1513,2026-08-18,170.0,171.5,166.0,167.0,2630720.0
1514,2026-08-18,101.5,102.0,99.7,100.0,1160313.0
1515,2026-08-18,33.15,34.7,31.95,31.95,3412856.0
1516,2026-08-18,0.0,0.0,0.0,0.0,28.0
1517,2026-08-18,11.4,11.4,11.25,11.25,226228.0
1519,2026-08-18,723.0,735.0,711.0,714.0,1678221.0
1521,2026-08-18,25.5,25.65,25.35,25.45,14472.0
1522,2026-08-18,28.2,28.25,27.8,27.9,306152.0
1524,2026-08-18,27.05,27.15,26.8,26.9,258698.0
1525,2026-08-18,66.0,67.3,64.3,67.3,21212.0
1526,2026-08-18,17.35,17.35,16.55,16.55,463909.0
1527,2026-08-18,32.8,33.35,32.8,33.15,184547.0
1528,2026-08-18,19.1,19.4,18.7,18.7,620789.0
1529,2026-08-18,16.9,16.95,16.75,16.8,205953.0
1530,2026-08-18,28.65,28.85,28.5,28.55,13002.0
1531,2026-08-18,12.95,13.0,12.9,13.0,130613.0
1532,2026-08-18,22.5,22.55,22.35,22.45,333404.0
1533,2026-08-18,31.4,31.5,30.95,31.5,100651.0
1535,2026-08-18,45.9,46.35,45.85,46.0,49256.0
1536,2026-08-18,51.3,51.4,50.1,50.4,1226080.0
1537,2026-08-18,127.5,128.0,127.0,127.5,479431.0
1538,2026-08-18,9.16,9.16,9.16,9.16,1000.0
1539,2026-08-18,15.9,15.95,15.8,15.8,21295.0
1540,2026-08-18,19.2,19.25,18.9,18.95,161456.0
1541,2026-08-18,22.5,22.5,21.4,22.25,14257.0
1558,2026-08-18,99.9,99.9,98.4,98.9,112656.0
1560,2026-08-18,742.0,743.0,704.0,708.0,1743350.0
1563,2026-08-18,62.0,62.7,60.9,62.0,755565.0
1565,2026-08-19,94.0,94.9,93.8,94.9,69000.0
1568,2026-08-18,29.5,29.55,28.75,29.05,264710.0
1569,2026-08-19,43.65,44.3,43.5,43.8,259000.0
1570,2026-08-19,33.3,33.35,33.0,33.2,33000.0
1580,2026-08-19,107.5,108.0,106.5,107.5,63000.0
1582,2026-08-18,73.0,73.1,72.1,72.8,388672.0
1583,2026-08-18,48.8,48.95,48.8,48.8,14190.0
1584,2026-08-19,17.85,17.85,17.6,17.75,237000.0
1586,2026-08-19,18.5,18.6,18.1,18.2,1114000.0
1587,2026-08-18,24.25,24.75,23.95,23.95,212488.0
1590,2026-08-18,1480.0,1515.0,1465.0,1480.0,639957.0
1591,2026-08-19,35.05,35.85,34.65,35.4,140000.0
1593,2026-08-19,31.5,31.8,31.5,31.8,3000.0
1595,2026-08-19,61.6,63.6,60.3,62.0,122000.0
1597,2026-08-18,147.0,149.0,137.0,139.5,970461.0
1598,2026-08-18,20.1,20.15,19.8,19.85,743103.0
1599,2026-08-19,23.0,23.4,23.0,23.25,23000.0
1603,2026-08-18,30.5,30.5,30.0,30.35,171846.0
1604,2026-08-18,23.15,23.15,23.05,23.1,69831.0
1605,2026-08-18,38.3,38.5,37.0,37.1,21511050.0
1608,2026-08-18,36.35,36.45,35.25,35.45,3197293.0
1609,2026-08-18,37.45,37.8,36.8,36.95,2448919.0
1611,2026-08-18,12.15,12.2,12.05,12.1,405305.0
1612,2026-08-18,34.2,34.65,34.1,34.35,728999.0
1614,2026-08-18,30.65,30.65,30.5,30.65,37510.0
1615,2026-08-18,43.6,44.0,43.5,43.6,93290.0
1616,2026-08-18,19.05,19.15,18.75,18.75,176312.0
1617,2026-08-18,18.2,18.4,17.6,17.7,455555.0
1618,2026-08-18,38.7,38.9,38.2,38.45,416660.0
1623,2026-08-18,208.0,208.0,203.0,205.0,75285.0
1626,2026-08-18,9.69,9.72,9.62,9.66,47791.0
1702,2026-08-18,32.0,32.15,32.0,32.1,183521.0
1707,2026-08-18,90.6,90.7,89.1,89.2,422057.0
1708,2026-08-18,49.0,50.3,48.8,50.1,3299660.0
1709,2026-08-18,32.55,33.25,30.95,32.7,7855737.0
1710,2026-08-18,15.1,15.25,14.85,15.0,2709606.0
1711,2026-08-18,39.2,39.4,38.35,38.45,3032634.0
1712,2026-08-18,38.95,39.4,38.9,39.4,925901.0
1713,2026-08-18,44.4,44.45,44.05,44.1,106975.0
1714,2026-08-18,17.2,17.3,16.55,16.9,13519524.0
1717,2026-08-18,72.1,72.2,69.6,70.5,7562403.0
1718,2026-08-18,10.65,10.8,10.35,10.5,17269581.0
1720,2026-08-18,55.9,56.0,55.7,55.9,148026.0
1721,2026-08-18,20.4,20.4,19.6,19.65,470755.0
1722,2026-08-18,45.6,46.0,45.55,45.9,1906158.0
1723,2026-08-18,87.1,88.2,85.3,86.4,508980.0
1725,2026-08-18,30.9,30.95,30.7,30.7,31221.0
1726,2026-08-18,77.6,77.7,76.9,77.2,42979.0
1727,2026-08-18,84.2,90.8,83.2,89.1,14542729.0
1730,2026-08-18,51.1,51.6,51.1,51.3,20290.0
1731,2026-08-18,20.8,20.8,20.65,20.7,89808.0
1732,2026-08-18,26.05,26.3,26.0,26.1,35315.0
1733,2026-08-18,31.1,31.3,30.9,31.25,72474.0
1734,2026-08-18,31.65,31.8,31.55,31.65,138772.0
1735,2026-08-18,20.4,20.4,20.1,20.1,37995.0
1736,2026-08-18,131.5,131.5,126.5,129.0,446959.0
1737,2026-08-18,32.05,32.2,32.05,32.2,115872.0
1742,2026-08-19,17.7,18.2,17.5,18.0,129000.0
1752,2026-08-18,31.85,31.9,31.7,31.8,26587.0
1760,2026-08-18,58.4,59.0,58.2,58.3,94610.0
1762,2026-08-18,35.25,35.25,34.5,34.65,85877.0
1773,2026-08-18,157.0,157.0,154.5,155.0,372639.0
1776,2026-08-18,16.9,17.05,16.75,16.95,115246.0
1777,2026-08-19,73.5,74.1,73.5,74.1,6000.0
1780,2026-08-19,24.1,24.8,23.9,24.8,65000.0
1781,2026-08-19,0.0,0.0,0.0,0.0,0.0
1783,2026-08-18,40.25,40.4,39.95,40.0,97684.0
1784,2026-08-19,59.4,60.5,59.3,60.1,42000.0
1785,2026-08-19,97.8,101.5,97.4,101.0,7822000.0
1786,2026-08-18,49.4,50.5,49.4,49.55,169638.0
1788,2026-08-19,129.5,130.0,129.5,130.0,5000.0
1789,2026-08-18,18.75,19.0,18.55,18.8,373051.0
1795,2026-08-18,183.0,185.0,182.0,184.0,702196.0
1796,2026-08-19,30.75,30.75,29.65,29.65,8000.0
1799,2026-08-19,29.8,30.45,29.8,29.95,72000.0
1802,2026-08-18,59.0,59.8,56.5,56.5,30343307.0
1805,2026-08-18,9.9,10.05,9.9,10.05,60542.0
1806,2026-08-18,7.94,8.08,7.86,8.02,518607.0
1808,2026-08-18,32.75,33.2,32.6,32.85,516786.0
1809,2026-08-18,39.45,39.65,38.0,38.0,1224201.0
1810,2026-08-18,26.0,28.45,26.0,26.85,16581414.0
1813,2026-08-19,0.0,0.0,0.0,0.0,0.0
1815,2026-08-19,93.0,98.8,91.1,98.0,42567000.0
1817,2026-08-18,40.45,40.45,39.8,39.85,46739.0
1903,2026-08-18,47.5,47.65,47.25,47.4,53137.0
1904,2026-08-18,24.7,24.9,24.3,24.55,1781199.0
1905,2026-08-18,13.4,13.45,13.15,13.2,1191229.0
1906,2026-08-18,11.45,11.45,11.4,11.4,46259.0
1907,2026-08-18,29.0,29.4,29.0,29.3,755371.0
1909,2026-08-18,11.15,11.3,10.9,11.1,7382221.0
2002,2026-08-18,18.85,19.0,18.85,18.95,18138961.0
2006,2026-08-18,79.2,81.0,78.5,80.8,1884791.0
2007,2026-08-18,6.98,7.02,6.98,6.98,181607.0
2008,2026-08-18,30.65,30.75,30.65,30.65,10330.0
2009,2026-08-18,39.05,39.35,38.7,38.75,1060555.0
2010,2026-08-18,22.6,22.85,22.5,22.75,817114.0
2012,2026-08-18,15.1,15.2,14.95,14.95,64565.0
2013,2026-08-18,40.9,41.2,40.85,40.95,85134.0
2014,2026-08-18,16.95,17.1,16.9,16.95,1459226.0
2015,2026-08-18,62.5,63.2,62.5,63.1,119661.0
2017,2026-08-18,8.75,8.95,8.75,8.9,603515.0
2020,2026-08-18,21.7,21.7,21.4,21.45,167901.0
2022,2026-08-18,7.64,7.68,7.62,7.64,260933.0
2023,2026-08-18,13.75,13.95,13.7,13.9,997611.0
2024,2026-08-18,13.5,13.5,13.3,13.3,5310.0
2025,2026-08-18,12.65,12.7,12.5,12.7,287223.0
2027,2026-08-18,49.3,50.2,48.8,49.7,15806951.0
2028,2026-08-18,15.8,15.9,15.55,15.55,69276.0
2029,2026-08-18,21.6,21.8,21.45,21.8,396546.0
2030,2026-08-18,21.0,21.3,20.7,20.85,3118455.0
2031,2026-08-18,44.25,44.4,43.7,44.35,1289423.0
2032,2026-08-18,16.7,16.8,16.6,16.6,172607.0
2033,2026-08-18,22.15,22.3,21.25,22.0,1383605.0
2034,2026-08-18,19.95,20.0,19.7,19.8,549914.0
2035,2026-08-19,26.9,27.15,26.7,27.15,17000.0
2038,2026-08-18,12.6,12.65,12.45,12.55,142019.0
2049,2026-08-18,383.0,385.0,366.0,368.0,4108074.0
2059,2026-08-18,14105.0,15085.0,13965.0,14370.0,1536780.0
2061,2026-08-19,47.5,50.0,47.2,48.85,1438000.0
2062,2026-08-18,18.8,18.8,18.6,18.65,79753.0
2063,2026-08-19,24.15,24.5,24.05,24.5,35000.0
2064,2026-08-19,12.55,12.8,12.35,12.45,272000.0
2065,2026-08-19,35.2,35.45,35.2,35.35,49000.0
2066,2026-08-19,57.3,58.3,57.0,57.0,123000.0
2067,2026-08-19,5.88,5.92,5.75,5.75,21000.0
2069,2026-08-18,19.85,19.85,19.75,19.85,236042.0
2070,2026-08-19,66.9,71.5,64.6,64.7,1277000.0
2072,2026-08-18,151.5,153.0,151.0,151.5,258512.0
2073,2026-08-19,0.0,0.0,0.0,0.0,0.0
2101,2026-08-18,31.7,32.2,31.6,32.0,1542418.0
2102,2026-08-18,18.6,18.85,18.6,18.65,138306.0
2103,2026-08-18,27.5,28.0,27.25,27.85,5082989.0
2104,2026-08-18,10.35,10.4,10.25,10.35,1982208.0
2105,2026-08-18,30.65,31.15,30.6,31.1,5776609.0
2106,2026-08-18,17.45,17.5,17.25,17.4,1977600.0
2107,2026-08-18,25.7,26.1,25.7,25.95,328833.0
2108,2026-08-18,29.5,30.0,29.4,29.45,878920.0
2109,2026-08-18,14.65,14.7,14.6,14.6,57653.0
2114,2026-08-18,88.0,88.6,88.0,88.0,24274.0
2115,2026-08-18,22.9,23.25,22.9,22.95,48289.0
2201,2026-08-18,28.5,28.75,28.2,28.25,2201883.0
2204,2026-08-18,52.4,52.7,52.0,52.5,558858.0
2206,2026-08-18,61.8,62.5,61.7,62.4,628569.0
2207,2026-08-18,511.0,514.0,509.0,512.0,214905.0
2208,2026-08-18,19.5,19.85,19.25,19.4,3045989.0
2211,2026-08-18,80.8,81.1,80.4,80.9,844847.0
2221,2026-08-19,53.7,53.7,51.8,52.6,264000.0
2227,2026-08-18,48.35,48.5,48.35,48.4,29231.0
2228,2026-08-18,77.9,77.9,76.0,76.4,87335.0
2230,2026-08-19,25.6,25.6,24.3,24.3,55000.0
2231,2026-08-18,97.3,98.5,96.0,96.0,255344.0
2233,2026-08-18,196.0,201.0,190.5,192.5,742838.0
2235,2026-08-19,26.65,27.6,26.65,27.6,6000.0
2236,2026-08-18,122.5,124.0,120.5,124.0,204908.0
2237,2026-08-18,27.1,27.35,26.85,27.15,278179.0
2239,2026-08-18,19.05,19.4,19.05,19.3,24000.0
2241,2026-08-18,32.05,32.5,31.7,31.9,201108.0
2243,2026-08-18,41.0,41.0,39.05,39.75,160442.0
2247,2026-08-18,223.5,223.5,221.0,222.0,20589.0
2248,2026-08-18,59.9,60.0,58.8,60.0,82677.0
2250,2026-08-18,60.8,61.2,60.1,60.3,102092.0
2254,2026-08-18,0.0,0.0,0.0,0.0,0.0
2258,2026-08-18,31.15,31.5,31.1,31.15,253308.0
2301,2026-08-18,266.0,279.5,265.0,273.5,40919145.0
2302,2026-08-18,42.4,45.95,42.4,45.3,9804427.0
2303,2026-08-18,122.5,124.0,117.5,119.0,91483851.0
2305,2026-08-18,28.7,29.4,27.6,27.6,2953159.0
2308,2026-08-18,1900.0,1905.0,1820.0,1820.0,11391040.0
2312,2026-08-18,33.1,33.1,31.65,31.95,12896324.0
2313,2026-08-18,212.5,214.0,209.0,211.0,15115726.0
2314,2026-08-18,11.1,11.1,11.05,11.05,110505.0
2316,2026-08-18,168.0,168.5,158.5,159.0,3092112.0
2317,2026-08-18,255.0,256.5,247.5,249.0,50539577.0
2321,2026-08-18,14.95,15.0,14.95,15.0,5580.0
2323,2026-08-18,11.6,11.8,11.0,11.1,15410482.0
2324,2026-08-18,41.75,43.2,40.15,40.6,138341095.0
2327,2026-08-18,614.0,615.0,574.0,576.0,37659843.0
2328,2026-08-18,45.5,45.55,43.9,43.9,1846796.0
2329,2026-08-18,44.0,44.5,43.0,43.1,2175416.0
2330,2026-08-18,2415.0,2415.0,2375.0,2380.0,19997213.0
2331,2026-08-18,19.65,20.5,19.3,20.25,3844534.0
2332,2026-08-18,22.0,22.05,21.0,21.0,21007891.0
2337,2026-08-18,130.0,133.5,121.0,122.0,107033213.0
2338,2026-08-18,39.0,39.35,38.05,38.15,1180366.0
2340,2026-08-18,31.9,32.3,30.25,30.3,2185732.0
2342,2026-08-18,40.1,43.95,39.95,41.0,6997456.0
2344,2026-08-18,186.0,192.0,176.0,176.5,183343610.0
2345,2026-08-18,2280.0,2350.0,2210.0,2225.0,3175549.0
2347,2026-08-18,88.4,88.5,86.0,86.0,3645276.0
2348,2026-08-18,69.6,70.1,68.9,69.4,329840.0
2349,2026-08-18,11.5,11.55,11.15,11.2,1695909.0
2351,2026-08-18,170.5,186.0,169.0,176.0,6305331.0
2352,2026-08-18,28.95,28.95,28.2,28.35,5705505.0
2353,2026-08-18,31.1,31.1,30.45,30.55,15383939.0
2354,2026-08-18,61.5,61.5,59.6,59.9,8098369.0
2355,2026-08-18,42.35,42.35,41.25,41.25,2153952.0
2356,2026-08-18,66.5,66.8,64.3,64.9,19434188.0
2357,2026-08-18,930.0,933.0,891.0,910.0,4643243.0
2359,2026-08-18,178.0,183.0,164.5,177.5,34472242.0
2360,2026-08-18,2350.0,2390.0,2290.0,2305.0,1770409.0
2362,2026-08-18,48.35,48.35,47.15,47.2,1259041.0
2363,2026-08-18,53.1,53.6,51.3,51.3,3297620.0
2364,2026-08-18,87.7,89.8,83.6,84.8,1194049.0
2365,2026-08-18,31.5,31.5,29.95,30.0,1331884.0
2367,2026-08-18,43.4,43.8,42.4,42.6,3808962.0
2368,2026-08-18,1020.0,1110.0,1010.0,1070.0,14252588.0
2369,2026-08-18,32.6,32.85,30.8,30.8,5030195.0
2371,2026-08-18,27.3,27.45,26.2,26.75,11658213.0
2373,2026-08-18,53.0,53.1,53.0,53.0,24403.0
2374,2026-08-18,71.1,71.2,69.3,69.3,2515816.0
2375,2026-08-18,127.0,128.5,122.0,122.5,2945547.0
2376,2026-08-18,359.0,362.5,346.0,348.0,13207722.0
2377,2026-08-18,149.5,150.0,144.5,148.0,15368582.0
2379,2026-08-18,710.0,723.0,690.0,707.0,2427837.0
2380,2026-08-18,21.4,21.4,20.0,20.25,82216.0
2382,2026-08-18,330.0,330.5,323.5,327.0,15430111.0
2383,2026-08-18,6350.0,6470.0,6170.0,6205.0,2005998.0
2385,2026-08-18,106.5,106.5,104.0,104.5,2018026.0
2387,2026-08-18,36.4,36.4,35.65,35.85,878526.0
2388,2026-08-18,79.4,80.0,72.4,72.4,6220398.0
2390,2026-08-18,10.35,10.4,10.15,10.25,390631.0
2392,2026-08-18,43.0,43.6,40.2,40.3,7050849.0
2393,2026-08-18,65.0,65.0,63.4,64.1,2430540.0
2395,2026-08-18,674.0,682.0,666.0,679.0,3694654.0
2397,2026-08-18,65.8,66.3,63.5,63.9,807373.0
2399,2026-08-18,46.15,46.6,45.15,45.15,5368706.0
2401,2026-08-18,26.65,26.75,25.2,25.35,4165772.0
2402,2026-08-18,54.4,54.4,52.3,52.4,1560436.0
2404,2026-08-18,1150.0,1155.0,1110.0,1115.0,1191566.0
2405,2026-08-18,16.0,16.0,15.55,15.55,991706.0
2406,2026-08-18,29.65,29.65,28.7,28.75,4189618.0
2408,2026-08-18,540.0,553.0,511.0,515.0,85565761.0
2409,2026-08-18,27.2,27.25,26.25,26.35,152715952.0
2412,2026-08-18,136.5,137.5,135.5,137.0,13921584.0
2413,2026-08-18,44.75,44.85,43.2,43.25,582482.0
2414,2026-08-18,53.2,53.2,51.8,52.4,286328.0
2415,2026-08-18,29.7,29.7,29.15,29.2,125671.0
2417,2026-08-18,45.05,45.3,43.2,43.25,794900.0
2419,2026-08-18,25.15,25.15,24.2,24.25,349187.0
2420,2026-08-18,58.2,58.8,56.9,57.0,837504.0
2421,2026-08-18,149.0,149.5,144.5,145.5,1976757.0
2423,2026-08-18,74.3,75.6,74.3,74.9,106289.0
2424,2026-08-18,8.25,8.36,8.25,8.36,7105.0
2425,2026-08-18,38.55,40.45,38.55,39.55,3761925.0
2426,2026-08-18,73.2,73.2,67.0,67.1,21819339.0
2427,2026-08-18,22.6,22.65,22.05,22.2,499452.0
2428,2026-08-18,254.5,258.0,252.0,252.0,1008248.0
2429,2026-08-18,36.0,36.7,34.0,34.0,525439.0
2430,2026-08-18,17.05,17.15,17.05,17.15,21646.0
2431,2026-08-18,10.2,10.3,10.15,10.2,215567.0
2432,2026-08-18,27.65,27.7,27.45,27.5,41692.0
2433,2026-08-18,41.85,41.85,41.7,41.75,14114.0
2434,2026-08-18,51.6,53.1,49.6,50.3,461859.0
2436,2026-08-18,66.6,66.7,63.4,64.7,7222927.0
2438,2026-08-18,18.55,18.55,18.0,18.05,31790.0
2439,2026-08-18,79.1,79.7,79.0,79.0,1201135.0
2440,2026-08-18,13.75,13.9,13.6,13.6,234440.0
2441,2026-08-18,119.0,120.0,113.0,114.5,4069947.0
2442,2026-08-18,19.15,19.4,19.15,19.3,1066360.0
2444,2026-08-18,11.05,11.15,10.95,10.95,73184.0
2449,2026-08-18,250.5,251.0,233.0,236.0,20381684.0
2450,2026-08-18,28.15,28.25,28.15,28.15,70108.0
2451,2026-08-18,291.0,294.5,280.0,280.0,3911399.0
2453,2026-08-18,52.0,52.0,51.4,51.5,222601.0
2454,2026-08-18,4020.0,4050.0,3885.0,3885.0,9323808.0
2455,2026-08-18,435.0,437.5,409.5,417.5,35432951.0
2457,2026-08-18,23.9,24.05,23.0,23.0,1511307.0
2458,2026-08-18,144.5,145.0,140.0,141.0,2666951.0
2459,2026-08-18,66.5,66.5,65.9,66.4,68047.0
2460,2026-08-18,28.6,29.25,28.45,28.65,270238.0
2461,2026-08-18,17.5,18.15,17.5,18.1,890737.0
2462,2026-08-18,19.35,19.5,19.35,19.4,70759.0
2464,2026-08-18,190.0,199.5,174.5,178.0,18539197.0
2465,2026-08-18,90.6,91.6,85.5,86.2,3913211.0
2466,2026-08-18,91.9,99.2,91.9,97.0,3252638.0
2467,2026-08-18,599.0,616.0,557.0,564.0,2558610.0
2468,2026-08-18,35.3,35.8,34.95,35.3,196575.0
2471,2026-08-18,49.5,49.55,48.8,48.95,192283.0
2472,2026-08-18,239.5,242.5,227.0,228.5,2295271.0
2474,2026-08-18,205.0,205.0,202.5,204.0,2608523.0
2476,2026-08-18,118.5,123.0,117.0,119.5,2115786.0
2477,2026-08-18,20.95,21.15,20.6,20.8,71537.0
2478,2026-08-18,123.5,129.5,122.0,122.5,4008974.0
2480,2026-08-18,157.5,158.0,156.0,156.5,132918.0
2481,2026-08-18,146.0,152.5,139.0,139.5,42148201.0
2482,2026-08-18,15.9,15.95,15.75,15.75,143228.0
2483,2026-08-18,37.8,38.2,36.5,37.6,1252762.0
2484,2026-08-18,75.2,75.4,70.5,71.9,8813284.0
2485,2026-08-18,42.1,42.15,40.5,40.6,2305385.0
2486,2026-08-18,241.5,249.0,235.0,235.0,9207171.0
2488,2026-08-18,49.3,49.95,49.0,49.15,98877.0
2489,2026-08-18,32.4,32.45,30.8,31.1,5084589.0
2491,2026-08-18,40.0,40.3,37.15,39.2,2485218.0
2492,2026-08-18,292.0,301.0,281.0,282.0,22180113.0
2493,2026-08-18,194.5,195.0,180.5,181.5,2869723.0
2495,2026-08-18,38.6,38.6,37.3,37.5,1200873.0
2496,2026-08-18,60.0,60.0,59.3,59.4,61267.0
2497,2026-08-18,45.9,46.15,45.05,45.05,276273.0
2498,2026-08-18,40.8,40.95,39.5,39.5,4174656.0
2501,2026-08-18,22.75,22.9,22.6,22.9,993509.0
2504,2026-08-18,30.5,30.65,30.4,30.65,1063900.0
2505,2026-08-18,17.9,17.95,17.6,17.9,526216.0
2506,2026-08-18,8.58,8.65,8.57,8.57,116634.0
2509,2026-08-18,14.15,14.35,14.1,14.15,156676.0
2511,2026-08-18,8.25,8.29,8.21,8.22,584782.0
2514,2026-08-18,11.85,11.9,11.75,11.75,161551.0
2515,2026-08-18,11.9,11.9,11.7,11.75,3054758.0
2516,2026-08-18,13.9,13.95,13.9,13.9,220745.0
2520,2026-08-18,35.6,36.15,35.25,35.9,1392481.0
2524,2026-08-18,34.65,34.75,34.35,34.35,90886.0
2527,2026-08-18,44.2,44.8,44.0,44.5,577900.0
2528,2026-08-18,20.15,20.3,20.0,20.15,185076.0
2530,2026-08-18,19.55,19.7,19.35,19.35,465456.0
2534,2026-08-18,16.95,16.95,16.8,16.8,165156.0
2535,2026-08-18,91.3,91.6,89.9,90.2,261530.0
2536,2026-08-18,20.8,20.9,20.65,20.85,1004824.0
2537,2026-08-18,11.2,11.25,11.05,11.15,1105484.0
2538,2026-08-18,9.12,9.27,9.01,9.07,596662.0
2539,2026-08-18,41.5,41.5,41.0,41.15,2066628.0
2540,2026-08-18,45.2,46.3,44.8,45.95,1056512.0
2542,2026-08-18,47.0,47.8,46.8,47.75,16522010.0
2543,2026-08-18,38.75,38.8,38.2,38.25,532397.0
2545,2026-08-18,33.4,33.8,33.4,33.7,214352.0
2546,2026-08-18,106.5,107.0,103.5,107.0,383894.0
2547,2026-08-18,10.2,10.2,10.05,10.15,756715.0
2548,2026-08-18,93.2,93.8,92.8,93.6,1708924.0
2596,2026-08-19,32.9,33.3,32.8,33.25,64000.0
2597,2026-08-18,166.5,168.0,164.5,165.5,133225.0
2601,2026-08-18,6.5,6.82,6.5,6.82,4865868.0
2603,2026-08-18,232.0,242.0,231.0,238.0,30600277.0
2605,2026-08-18,33.3,35.7,33.25,35.2,24205597.0
2606,2026-08-18,68.4,69.9,68.0,69.0,6005637.0
2607,2026-08-18,50.4,50.8,50.1,50.5,666873.0
2608,2026-08-18,28.5,28.6,28.5,28.5,102628.0
2609,2026-08-18,55.1,57.2,54.6,56.2,86793977.0
2610,2026-08-18,20.15,20.3,20.0,20.1,21925871.0
2611,2026-08-18,15.15,15.45,15.05,15.4,1357726.0
2612,2026-08-18,55.6,57.4,55.5,56.7,1296612.0
2613,2026-08-18,21.6,22.55,21.6,21.8,1251006.0
2614,2026-08-18,18.15,18.15,17.95,18.05,440754.0
2615,2026-08-18,99.9,108.0,98.9,105.0,77404867.0
2616,2026-08-18,13.35,13.5,13.3,13.35,83004.0
2617,2026-08-18,29.4,30.15,29.4,29.85,2282392.0
2618,2026-08-18,41.45,42.3,41.4,41.9,29021608.0
2630,2026-08-18,51.7,54.9,51.4,51.7,8252419.0
2633,2026-08-18,25.95,26.1,25.9,25.9,2960816.0
2634,2026-08-18,71.9,76.5,70.7,73.3,101347604.0
2636,2026-08-18,70.0,70.7,69.0,69.6,674913.0
2637,2026-08-18,87.0,88.8,86.9,88.7,3140972.0
2640,2026-08-19,155.0,155.0,153.0,154.5,18000.0
2641,2026-08-19,17.85,18.6,17.65,18.35,6121000.0
2642,2026-08-18,20.2,20.5,20.2,20.2,27516.0
2643,2026-08-19,61.7,61.9,61.4,61.9,12000.0
2645,2026-08-18,184.0,184.0,177.0,180.0,4937122.0
2646,2026-08-18,20.7,20.9,20.7,20.8,5529984.0
2701,2026-08-18,10.65,10.65,10.6,10.6,45060.0
2702,2026-08-18,12.2,12.3,12.15,12.15,23663.0
2704,2026-08-18,46.15,46.3,45.7,45.9,214541.0
2705,2026-08-18,15.85,15.9,15.5,15.6,1086621.0
2706,2026-08-18,12.5,12.5,12.45,12.45,38953.0
2707,2026-08-18,178.0,178.5,177.5,178.0,70028.0
2712,2026-08-18,14.3,14.35,14.3,14.35,8000.0
2718,2026-08-19,48.9,49.4,48.6,49.1,32000.0
2719,2026-08-19,21.0,21.0,21.0,21.0,5000.0
2722,2026-08-18,21.6,21.85,21.55,21.55,13154.0
2723,2026-08-18,63.5,63.6,62.4,62.5,229823.0
2724,2026-08-19,10.65,10.65,10.3,10.55,103000.0
2726,2026-08-19,8.45,8.6,8.4,8.5,44000.0
2727,2026-08-18,234.0,234.5,230.0,232.5,295056.0
2729,2026-08-19,160.5,160.5,159.0,159.5,11000.0
2731,2026-08-18,145.0,145.5,142.0,142.0,673778.0
2732,2026-08-19,65.4,65.4,63.5,64.4,21000.0
2734,2026-08-19,14.85,15.0,14.85,15.0,37000.0
2736,2026-08-19,11.35,11.45,11.3,11.4,28000.0
2739,2026-08-18,36.15,36.15,35.6,35.7,51221.0
2740,2026-08-19,29.7,29.7,29.7,29.7,1000.0
2743,2026-08-19,56.1,57.4,56.0,57.3,58000.0
2745,2026-08-19,87.5,88.3,87.2,87.8,43000.0
2748,2026-08-18,38.1,38.55,37.95,38.25,60147.0
2751,2026-08-19,54.4,54.4,54.4,54.4,1000.0
2752,2026-08-19,179.0,179.0,179.0,179.0,1000.0
2753,2026-08-18,183.0,183.5,182.0,182.5,92738.0
2754,2026-08-19,69.0,69.1,68.7,68.7,19000.0
2755,2026-08-19,103.0,104.0,102.5,103.5,12000.0
2756,2026-08-19,59.5,62.0,59.5,61.1,54000.0
2762,2026-08-18,82.7,82.8,82.2,82.4,39029.0
2801,2026-08-18,23.65,24.0,23.65,23.9,14905210.0
2812,2026-08-18,18.7,19.05,18.7,19.0,13824159.0
2816,2026-08-18,34.3,34.65,34.1,34.15,323701.0
2820,2026-08-18,16.2,16.35,16.15,16.25,1847590.0
2832,2026-08-18,58.8,59.3,58.8,59.1,63561.0
2834,2026-08-18,16.3,16.55,16.25,16.5,24755437.0
2836,2026-08-18,12.0,12.05,11.95,12.0,980604.0
2838,2026-08-18,19.85,20.2,19.85,20.1,1612372.0
2845,2026-08-18,13.55,13.55,13.45,13.45,5616528.0
2849,2026-08-18,14.35,14.5,14.1,14.15,237760.0
2850,2026-08-18,161.0,162.0,160.0,161.5,202544.0
2851,2026-08-18,38.8,39.65,38.8,39.3,2602753.0
2852,2026-08-18,27.4,27.4,27.15,27.35,354802.0
2855,2026-08-18,46.6,46.95,46.35,46.85,2682917.0
2867,2026-08-18,9.61,9.86,9.61,9.82,22793640.0
2880,2026-08-18,38.9,40.1,38.7,39.7,33199568.0
2881,2026-08-18,125.0,129.5,125.0,129.5,22389687.0
2882,2026-08-18,98.2,99.5,98.0,99.2,15171632.0
2883,2026-08-18,31.1,31.35,30.85,30.95,50381336.0
2884,2026-08-18,38.0,38.4,37.5,38.1,46641520.0
2885,2026-08-18,65.2,66.1,63.6,64.0,46680070.0
2886,2026-08-18,46.85,47.3,46.15,46.9,41758491.0
2887,2026-08-18,36.95,37.5,36.8,36.9,62432665.0
2889,2026-08-18,15.6,15.7,15.55,15.6,4230034.0
2890,2026-08-18,39.55,40.5,39.35,39.6,30985498.0
2891,2026-08-18,66.2,66.5,65.9,66.5,26516862.0
2892,2026-08-18,33.4,34.25,33.25,33.7,40530045.0
2897,2026-08-18,10.15,10.15,10.05,10.15,1421906.0
2901,2026-08-18,23.95,23.95,23.45,23.6,10031.0
2903,2026-08-18,21.6,21.8,21.55,21.75,2066853.0
2904,2026-08-18,12.75,12.75,12.6,12.65,35063.0
2905,2026-08-18,18.05,18.2,17.75,17.75,1971529.0
2906,2026-08-18,13.6,13.85,13.55,13.65,291472.0
2908,2026-08-18,21.8,22.0,21.7,21.7,178534.0
2910,2026-08-18,23.95,24.2,23.95,24.0,26337.0
2911,2026-08-18,6.79,6.86,6.7,6.7,73467.0
2912,2026-08-18,213.0,216.0,212.5,215.0,1696201.0
2913,2026-08-18,10.95,11.25,10.9,11.1,2151788.0
2915,2026-08-18,60.1,61.3,58.8,60.8,6640048.0
2916,2026-08-19,40.15,40.3,40.05,40.15,32000.0
2923,2026-08-18,25.65,25.65,23.9,23.9,316018.0
2924,2026-08-19,17.4,17.4,17.4,17.4,1000.0
2926,2026-08-19,30.3,30.4,30.3,30.4,7000.0
2929,2026-08-18,5.71,5.72,5.66,5.7,93722.0
2937,2026-08-19,47.55,48.2,47.55,48.2,6000.0
2939,2026-08-18,19.45,19.45,19.2,19.2,7002.0
2941,2026-08-19,30.0,30.0,30.0,30.0,9000.0
2945,2026-08-18,39.95,40.2,39.95,39.95,17725.0
2947,2026-08-19,0.0,0.0,0.0,0.0,0.0
2948,2026-08-19,37.15,37.35,37.15,37.35,2000.0
2949,2026-08-19,61.0,61.0,61.0,61.0,2000.0
3002,2026-08-18,17.4,17.9,16.9,16.95,172028.0
3003,2026-08-18,66.4,69.7,66.0,67.9,1229241.0
3004,2026-08-18,124.5,126.0,121.0,122.5,446275.0
3005,2026-08-18,122.0,123.0,116.5,117.5,6556208.0
3006,2026-08-18,278.0,279.0,246.5,248.0,15822266.0
3008,2026-08-18,5115.0,5330.0,5055.0,5290.0,3723401.0
3010,2026-08-18,127.0,130.0,126.5,128.0,703756.0
3011,2026-08-18,11.0,11.2,10.7,10.7,496372.0
3013,2026-08-18,85.1,85.5,82.8,83.1,938181.0
3014,2026-08-18,131.5,132.0,129.0,130.0,770508.0
3015,2026-08-18,54.7,54.8,53.4,53.7,360121.0
3016,2026-08-18,106.0,109.0,103.0,105.0,8729366.0
3017,2026-08-18,3150.0,3180.0,2990.0,3035.0,3613625.0
3018,2026-08-18,14.0,14.0,13.5,13.55,89616.0
3019,2026-08-18,140.0,142.0,135.5,137.5,2294936.0
3021,2026-08-18,20.35,20.7,19.9,19.95,202783.0
3022,2026-08-18,93.3,94.5,92.5,92.8,2122490.0
3023,2026-08-18,310.5,311.0,305.0,307.0,541081.0
3024,2026-08-18,13.9,13.95,13.35,13.45,2086635.0
3025,2026-08-18,57.8,58.1,56.1,56.4,216059.0
3026,2026-08-18,673.0,685.0,656.0,668.0,1321195.0
3027,2026-08-18,17.85,17.95,17.65,17.75,171112.0
3028,2026-08-18,67.3,67.3,65.5,65.6,1019152.0
3029,2026-08-18,109.5,109.5,107.5,107.5,677973.0
3030,2026-08-18,298.5,301.5,289.5,289.5,778281.0
3031,2026-08-18,23.0,23.0,22.15,22.15,356482.0
3032,2026-08-18,82.3,82.3,79.4,79.6,526954.0
3033,2026-08-18,46.8,46.95,45.5,45.6,4620879.0
3034,2026-08-18,502.0,508.0,499.5,505.0,2567924.0
3035,2026-08-18,177.0,177.5,169.0,170.5,2542365.0
3036,2026-08-18,203.5,206.0,200.0,202.0,5439887.0
3037,2026-08-18,1130.0,1200.0,1115.0,1145.0,38561591.0
3038,2026-08-18,20.5,20.5,20.3,20.4,115248.0
3040,2026-08-18,38.05,38.05,37.6,37.9,37095.0
3041,2026-08-18,23.2,23.2,22.2,22.3,790862.0
3042,2026-08-18,192.0,192.5,176.0,178.5,23920588.0
3043,2026-08-18,21.4,21.6,21.0,21.15,66850.0
3044,2026-08-18,493.0,502.0,482.0,488.5,3068950.0
3045,2026-08-18,110.5,111.5,110.0,111.0,8689461.0
3046,2026-08-18,62.0,62.4,58.2,59.0,913965.0
3047,2026-08-18,14.1,14.1,13.8,13.8,524669.0
3048,2026-08-18,57.5,57.8,55.3,55.4,2515866.0
3049,2026-08-18,10.85,10.95,10.65,10.65,1446469.0
3050,2026-08-18,11.6,11.6,11.4,11.45,338724.0
3051,2026-08-18,22.8,22.95,22.5,22.55,380897.0
3052,2026-08-18,11.3,11.3,11.1,11.15,249651.0
3054,2026-08-18,51.5,55.2,51.4,53.7,569461.0
3055,2026-08-18,113.0,122.0,112.0,117.5,2214126.0
3056,2026-08-18,14.0,14.1,13.95,14.05,479142.0
3057,2026-08-18,16.9,17.6,16.8,16.85,198528.0
3058,2026-08-18,8.16,8.21,8.13,8.13,346472.0
3059,2026-08-18,40.85,41.0,39.25,39.3,2467762.0
3060,2026-08-18,28.35,28.4,27.5,27.6,791420.0
3062,2026-08-18,21.0,21.0,20.25,20.25,839665.0
3064,2026-08-19,0.0,0.0,0.0,0.0,0.0
3066,2026-08-19,22.9,23.2,22.55,23.0,252000.0
3067,2026-08-19,17.1,17.1,17.1,17.1,1000.0
3071,2026-08-19,24.45,24.6,24.0,24.4,108000.0
3073,2026-08-19,22.9,22.9,22.55,22.65,47000.0
3078,2026-08-19,52.5,53.7,52.5,53.1,461000.0
3081,2026-08-19,2750.0,2900.0,2650.0,2680.0,5057000.0
3083,2026-08-19,23.0,23.45,23.0,23.35,55000.0
3085,2026-08-19,11.5,11.95,11.5,11.95,5000.0
3086,2026-08-19,26.15,27.05,26.15,26.35,128000.0
3088,2026-08-19,126.0,128.5,124.5,126.5,621000.0
3090,2026-08-18,167.0,168.5,161.0,161.5,5949576.0
3092,2026-08-18,24.15,24.55,23.55,23.65,161474.0
3093,2026-08-19,47.05,48.95,46.5,48.2,499000.0
3094,2026-08-18,36.95,37.4,36.1,36.3,888978.0
3095,2026-08-19,36.15,36.7,35.7,36.7,7000.0
3105,2026-08-19,353.5,374.0,351.0,363.5,17582000.0
3114,2026-08-19,32.2,32.6,31.65,31.95,137000.0
3115,2026-08-19,8.27,8.89,8.27,8.89,6000.0
3118,2026-08-19,31.65,31.7,31.65,31.65,13000.0
3122,2026-08-19,25.4,25.4,25.15,25.25,43000.0
3128,2026-08-19,22.05,22.5,21.8,21.8,195000.0
3130,2026-08-18,214.0,214.0,209.5,212.0,82033.0
3131,2026-08-19,2465.0,2465.0,2340.0,2355.0,323000.0
3135,2026-08-18,167.5,167.5,157.5,157.5,1443495.0
3138,2026-08-18,100.0,100.0,94.5,95.0,311138.0
3141,2026-08-19,68.2,71.2,67.8,71.1,374000.0
3147,2026-08-19,220.0,225.0,217.5,221.5,340000.0
3149,2026-08-18,67.1,68.0,66.3,66.4,4599511.0
3150,2026-08-18,17.1,17.15,17.0,17.15,7000.0
3152,2026-08-19,217.5,224.5,217.5,223.0,80000.0
3158,2026-08-19,83.0,83.0,82.8,82.8,3000.0
3162,2026-08-19,61.9,64.4,60.1,62.2,546000.0
3163,2026-08-19,675.0,721.0,675.0,710.0,805000.0
3164,2026-08-18,15.7,15.7,15.6,15.6,8566.0
3167,2026-08-18,762.0,770.0,753.0,770.0,5862980.0
3168,2026-08-18,41.8,41.8,41.5,41.5,8000.0
3169,2026-08-19,100.5,103.5,100.0,100.0,76000.0
3171,2026-08-19,63.3,63.5,63.1,63.2,10000.0
3176,2026-08-19,34.6,34.8,34.0,34.0,310000.0
3178,2026-08-19,58.5,58.7,57.7,58.1,30000.0
3188,2026-08-19,24.35,24.35,23.8,23.85,187000.0
3189,2026-08-18,917.0,937.0,861.0,865.0,26966801.0
3191,2026-08-19,18.0,18.4,17.9,18.15,7000.0
3205,2026-08-19,47.6,49.2,47.6,48.25,17000.0
3206,2026-08-19,34.3,34.9,33.25,34.9,48000.0
3207,2026-08-19,41.5,42.2,39.5,39.5,226000.0
3209,2026-08-18,52.2,52.2,50.7,51.2,2853900.0
3211,2026-08-19,374.5,376.5,365.0,369.0,2861000.0
3213,2026-08-19,130.5,134.0,129.5,132.5,200000.0
3217,2026-08-19,134.5,136.5,133.0,136.0,328000.0
3218,2026-08-19,132.5,136.0,132.5,136.0,144000.0
3219,2026-08-19,68.8,72.0,68.6,69.2,248000.0
3221,2026-08-19,45.0,48.5,45.0,47.85,1892000.0
3224,2026-08-19,34.5,35.5,34.1,34.3,78000.0
3226,2026-08-19,52.2,52.5,52.2,52.5,18000.0
3227,2026-08-19,194.0,200.0,192.5,198.0,585000.0
3228,2026-08-19,140.0,142.0,138.0,139.0,123000.0
3229,2026-08-18,54.7,57.4,50.5,51.1,1983196.0
3230,2026-08-19,42.55,43.8,41.1,41.1,559000.0
3231,2026-08-18,186.5,187.0,179.0,181.0,39193616.0
3232,2026-08-19,19.45,19.5,19.45,19.5,6000.0
3234,2026-08-19,138.5,149.5,138.0,147.5,3352000.0
3236,2026-08-19,42.0,47.7,42.0,46.65,7025000.0
3252,2026-08-19,15.7,16.05,15.7,15.8,34000.0
3257,2026-08-18,50.5,51.9,49.3,49.3,356165.0
3259,2026-08-19,11.35,11.35,11.35,11.35,47000.0
3260,2026-08-19,377.5,395.0,375.0,395.0,6156000.0
3264,2026-08-19,205.0,210.5,202.5,206.5,2908000.0
3265,2026-08-19,171.0,187.0,167.5,180.5,5747000.0
3266,2026-08-18,13.9,14.0,13.8,13.8,24041.0
3268,2026-08-19,18.0,18.4,17.7,18.4,25000.0
3272,2026-08-19,13.9,14.1,13.8,14.1,50000.0
3276,2026-08-19,14.2,14.5,14.15,14.45,52000.0
3284,2026-08-19,20.75,20.95,20.1,20.6,106000.0
3285,2026-08-19,36.25,36.8,36.25,36.65,42000.0
3287,2026-08-19,38.3,39.25,37.55,38.0,661000.0
3288,2026-08-19,22.85,23.5,21.2,22.25,46000.0
3289,2026-08-19,131.5,136.0,131.5,135.0,424000.0
3290,2026-08-19,50.6,52.0,50.3,50.9,426000.0
3293,2026-08-19,742.0,763.0,733.0,749.0,2153000.0
3294,2026-08-19,30.45,30.85,30.0,30.5,205000.0
3296,2026-08-18,23.0,23.5,22.6,23.5,33345.0
3297,2026-08-19,27.25,27.25,26.9,26.95,16000.0
3303,2026-08-19,51.3,53.1,51.3,52.8,141000.0
3305,2026-08-18,112.0,113.0,108.5,109.5,1281653.0
3306,2026-08-19,43.9,44.45,43.9,44.2,50000.0
3308,2026-08-18,20.6,21.15,19.85,20.1,48810.0
3310,2026-08-19,68.5,69.5,68.5,69.5,11000.0
3311,2026-08-18,32.3,32.3,31.45,31.45,271546.0
3312,2026-08-18,53.6,53.8,52.1,52.2,1048062.0
3313,2026-08-19,10.2,10.25,10.2,10.25,71000.0
3317,2026-08-19,66.9,69.7,65.8,66.9,918000.0
3321,2026-08-18,18.5,18.5,17.9,18.0,187043.0
3322,2026-08-19,11.15,11.4,11.1,11.25,165000.0
3323,2026-08-19,29.5,30.3,29.2,29.55,300000.0
3324,2026-08-19,962.0,1005.0,955.0,989.0,1457000.0
3325,2026-08-19,11.1,11.4,11.1,11.3,92000.0
3332,2026-08-19,61.0,62.0,61.0,62.0,3000.0
3338,2026-08-18,63.5,63.5,61.4,62.0,233262.0
3339,2026-08-19,38.0,38.65,36.95,37.65,690000.0
3346,2026-08-18,20.3,20.3,19.8,19.8,245371.0
3349,2026-08-19,22.5,23.9,22.4,23.5,111000.0
3354,2026-08-19,20.4,20.4,20.15,20.15,64000.0
3356,2026-08-18,64.6,65.0,63.7,64.0,677224.0
3357,2026-08-19,207.0,226.0,207.0,218.5,2414000.0
3360,2026-08-19,15.4,16.0,15.3,15.7,540000.0
3362,2026-08-19,171.0,184.5,171.0,181.5,3958000.0
3363,2026-08-19,569.0,592.0,561.0,584.0,1992000.0
3372,2026-08-19,15.2,15.2,14.85,14.85,247000.0
3373,2026-08-19,16.45,16.6,16.4,16.4,33000.0
3374,2026-08-19,296.0,306.5,294.0,299.0,11572000.0
3376,2026-08-18,193.0,193.5,188.5,189.0,2559363.0
3379,2026-08-19,29.35,29.8,28.5,29.1,130000.0
3380,2026-08-18,27.9,28.05,26.8,26.9,1869863.0
3388,2026-08-19,98.0,99.6,91.4,93.3,8306000.0
3390,2026-08-19,21.3,21.7,21.25,21.5,141000.0
3402,2026-08-19,121.5,122.5,120.0,122.0,214000.0
3406,2026-08-18,676.0,695.0,669.0,685.0,5616144.0
3413,2026-08-18,298.0,302.0,288.5,288.5,1767147.0
3416,2026-08-18,184.0,184.0,176.0,176.0,529238.0
3419,2026-08-18,12.1,12.25,11.8,11.95,99275.0
3430,2026-08-19,113.0,118.5,113.0,117.5,874000.0
3432,2026-08-18,15.25,15.25,14.6,14.6,37687.0
3434,2026-08-19,30.9,31.2,30.7,30.75,28000.0
3437,2026-08-18,17.45,17.55,16.95,17.0,359310.0
3438,2026-08-19,55.2,57.5,55.2,57.5,60000.0
3441,2026-08-19,83.6,90.3,82.2,88.5,9559000.0
3443,2026-08-18,5845.0,5885.0,5520.0,5535.0,2450968.0
3444,2026-08-19,75.0,77.9,73.8,76.2,237000.0
3447,2026-08-18,27.05,27.3,26.45,26.55,70427.0
3450,2026-08-18,562.0,600.0,559.0,579.0,22420757.0
3455,2026-08-19,245.0,260.0,243.5,247.0,3339000.0
3465,2026-08-19,29.4,29.5,29.35,29.4,21000.0
3466,2026-08-19,24.55,24.85,24.55,24.8,36000.0
3467,2026-08-19,44.7,46.05,44.0,45.95,15000.0
3479,2026-08-19,126.5,131.5,126.0,131.0,392000.0
3481,2026-08-18,50.8,51.2,49.2,49.5,209580264.0
3483,2026-08-19,70.5,72.4,70.3,70.5,293000.0
3484,2026-08-19,50.4,51.9,50.2,51.6,230000.0
3485,2026-08-19,202.0,209.5,201.0,202.0,61000.0
3489,2026-08-19,23.4,24.0,23.4,23.8,121000.0
3490,2026-08-19,43.7,47.95,43.05,46.8,11824000.0
3491,2026-08-19,1215.0,1275.0,1210.0,1225.0,813000.0
3492,2026-08-19,19.9,20.1,19.6,20.05,128000.0
3494,2026-08-18,7.17,7.17,7.06,7.15,33265.0
3498,2026-08-19,170.0,190.5,169.0,190.5,3043000.0
3499,2026-08-19,12.75,12.75,12.4,12.75,38000.0
3501,2026-08-18,39.55,40.05,39.5,39.75,86573.0
3504,2026-08-18,80.0,82.5,77.6,77.9,3813141.0
3508,2026-08-19,22.0,22.75,20.7,22.75,1061000.0
3511,2026-08-19,19.5,19.7,19.3,19.35,187000.0
3512,2026-08-19,19.55,19.7,19.35,19.7,30000.0
3515,2026-08-18,218.0,219.5,215.0,216.5,793747.0
3516,2026-08-19,25.25,25.45,25.25,25.35,7000.0
3518,2026-08-18,28.6,28.6,27.9,28.2,258160.0
3520,2026-08-19,18.3,18.6,18.0,18.25,340000.0
3521,2026-08-19,12.2,12.3,12.1,12.1,36000.0
3522,2026-08-19,11.5,11.65,11.5,11.65,46000.0
3523,2026-08-19,15.15,15.15,14.45,15.05,7000.0
3526,2026-08-19,280.0,285.5,279.5,283.5,235000.0
3527,2026-08-19,50.9,51.1,49.6,51.0,63000.0
3528,2026-08-18,88.0,88.6,85.8,86.1,324895.0
3529,2026-08-19,2300.0,2380.0,2230.0,2260.0,1025000.0
3530,2026-08-18,56.4,56.5,55.1,55.1,87262.0
3531,2026-08-19,21.8,21.8,21.8,21.8,1000.0
3532,2026-08-18,360.0,402.5,360.0,369.0,19319356.0
3533,2026-08-18,1690.0,1695.0,1620.0,1625.0,1892986.0
3535,2026-08-18,92.6,92.7,88.5,89.0,542023.0
3537,2026-08-19,52.5,57.5,52.5,56.3,1202000.0
3540,2026-08-19,20.25,20.5,20.05,20.15,151000.0
3541,2026-08-19,21.8,21.8,21.65,21.75,7000.0
3543,2026-08-18,42.05,43.25,42.05,42.6,1862070.0
3545,2026-08-18,49.4,49.65,48.25,48.35,691806.0
3546,2026-08-19,70.3,72.2,70.3,71.8,114000.0
3548,2026-08-19,72.4,74.5,72.4,74.5,142000.0
3550,2026-08-18,23.3,24.25,22.6,22.7,1877968.0
3551,2026-08-19,170.0,174.5,168.5,173.5,178000.0
3552,2026-08-19,45.1,46.5,44.7,45.75,222000.0
3555,2026-08-19,160.5,166.0,159.0,160.0,74000.0
3556,2026-08-19,61.8,63.2,60.8,61.7,152000.0
3557,2026-08-18,24.4,24.55,24.35,24.5,48466.0
3558,2026-08-19,125.0,128.0,123.5,123.5,76000.0
3563,2026-08-18,707.0,707.0,674.0,690.0,517001.0
3564,2026-08-19,44.6,47.25,44.6,46.1,77000.0
3567,2026-08-19,25.1,25.7,24.85,25.3,35000.0
3570,2026-08-19,162.5,162.5,162.5,162.5,8000.0
3576,2026-08-18,17.6,17.7,17.05,17.05,9847920.0
3577,2026-08-19,122.5,124.5,117.5,119.5,467000.0
3580,2026-08-19,78.3,81.1,77.6,77.8,177000.0
3581,2026-08-19,104.5,109.5,103.0,105.5,290000.0
3583,2026-08-18,743.0,743.0,697.0,702.0,960903.0
3587,2026-08-19,238.0,254.5,235.5,251.5,623000.0
3588,2026-08-18,54.5,54.5,52.5,52.7,130615.0
3591,2026-08-18,20.6,20.7,20.05,20.5,355803.0
3592,2026-08-18,230.0,230.0,221.5,221.5,466559.0
3593,2026-08-18,11.2,11.2,10.6,11.0,13606.0
3594,2026-08-19,49.7,52.5,49.05,50.8,572000.0
3596,2026-08-18,163.5,165.0,160.5,162.0,2107946.0
3597,2026-08-19,26.7,26.7,26.6,26.6,11000.0
3605,2026-08-18,133.0,133.0,119.0,121.0,11788125.0
3607,2026-08-18,14.3,14.3,13.9,13.9,94005.0
3609,2026-08-19,24.2,24.85,24.0,24.0,120000.0
3611,2026-08-19,186.5,188.0,186.5,188.0,14000.0
3615,2026-08-19,35.35,36.8,34.8,36.0,368000.0
3617,2026-08-18,260.0,260.5,251.5,255.5,1001065.0
3622,2026-08-18,50.0,50.2,48.8,49.35,457178.0
3623,2026-08-19,21.15,21.65,21.15,21.55,34000.0
3624,2026-08-19,82.5,93.0,82.5,89.7,10443000.0
3625,2026-08-19,12.6,12.6,12.6,12.6,197000.0
3628,2026-08-19,68.5,70.0,68.5,68.9,48000.0
3629,2026-08-19,14.35,14.35,13.85,13.85,5000.0
3630,2026-08-19,25.4,25.5,25.1,25.15,354000.0
3631,2026-08-19,38.8,42.65,38.75,41.25,650000.0
3632,2026-08-19,7.21,7.21,7.19,7.19,18000.0
3645,2026-08-18,69.5,69.8,66.8,66.8,676674.0
3646,2026-08-19,23.3,23.3,23.0,23.0,29000.0
3652,2026-08-18,37.0,37.05,36.0,36.75,870746.0
3653,2026-08-18,5370.0,5485.0,5120.0,5150.0,3457799.0
3661,2026-08-18,4105.0,4135.0,3680.0,3715.0,3983342.0
3663,2026-08-19,62.0,62.5,60.7,61.0,250000.0
3664,2026-08-19,6.07,6.07,6.0,6.0,8000.0
3665,2026-08-18,2130.0,2310.0,2125.0,2240.0,3107456.0
3666,2026-08-19,25.0,25.0,25.0,25.0,1000.0
3669,2026-08-18,38.0,38.0,36.55,36.55,331754.0
3672,2026-08-19,12.8,12.8,12.8,12.8,18000.0
3673,2026-08-18,62.6,62.6,60.1,60.2,2804720.0
3675,2026-08-19,271.5,294.0,271.0,276.5,2002000.0
3679,2026-08-18,110.0,110.5,110.0,110.0,35405.0
3680,2026-08-19,465.0,474.0,458.5,461.0,999000.0
3684,2026-08-19,0.0,0.0,0.0,0.0,0.0
3685,2026-08-19,37.7,37.7,36.1,36.6,376000.0
3686,2026-08-18,14.4,14.55,14.2,14.25,59545.0
3687,2026-08-19,65.8,65.8,64.1,65.2,37000.0
3689,2026-08-19,105.0,107.5,104.5,106.5,615000.0
3691,2026-08-19,100.0,102.0,99.1,101.5,276000.0
3693,2026-08-19,509.0,522.0,502.0,508.0,608000.0
3694,2026-08-18,53.0,53.0,51.5,51.5,652908.0
3701,2026-08-18,41.3,41.3,39.25,39.35,489417.0
3702,2026-08-18,110.5,111.0,106.0,106.5,10734022.0
3703,2026-08-18,19.65,19.65,19.2,19.4,3866755.0
3704,2026-08-18,42.8,43.2,41.2,41.35,3735889.0
3705,2026-08-18,53.6,54.7,53.6,54.4,333501.0
3706,2026-08-18,92.0,92.0,90.1,90.6,10907550.0
3707,2026-08-19,61.4,63.6,60.9,61.4,2956000.0
3708,2026-08-18,104.0,105.0,103.0,104.0,680279.0
3709,2026-08-19,67.7,68.7,67.0,68.0,291000.0
3710,2026-08-19,5.26,5.3,5.19,5.25,95000.0
3711,2026-08-18,630.0,634.0,596.0,599.0,20070634.0
3712,2026-08-18,22.35,22.35,20.2,20.4,1129011.0
3713,2026-08-19,14.9,14.9,14.75,14.8,7000.0
3714,2026-08-18,59.0,59.0,55.8,56.0,6705054.0
3715,2026-08-18,115.0,115.0,110.0,110.0,3518394.0
3716,2026-08-18,34.7,34.7,33.8,34.0,777542.0
3717,2026-08-18,22.5,23.2,22.2,22.45,1641446.0
4102,2026-08-19,18.8,18.9,18.4,18.9,18000.0
4104,2026-08-18,71.3,71.9,71.2,71.5,99099.0
4105,2026-08-19,76.0,77.2,76.0,77.0,308000.0
4106,2026-08-18,24.85,24.85,24.45,24.8,136450.0
4107,2026-08-19,113.5,114.0,113.0,114.0,37000.0
4108,2026-08-18,11.05,11.1,10.75,10.75,486902.0
4109,2026-08-19,11.25,11.45,11.25,11.25,114000.0
4111,2026-08-19,29.8,30.2,29.7,30.1,215000.0
4113,2026-08-19,14.85,14.85,14.55,14.85,385000.0
4114,2026-08-19,29.95,30.45,29.9,30.25,1146000.0
4116,2026-08-19,39.15,39.25,39.15,39.2,11000.0
4119,2026-08-18,52.9,53.4,52.2,52.3,122979.0
4120,2026-08-19,47.0,47.95,47.0,47.3,15000.0
4121,2026-08-19,13.0,13.1,12.85,13.05,29000.0
4123,2026-08-19,31.9,32.45,31.7,32.4,1847000.0
4126,2026-08-19,77.7,77.7,77.3,77.5,28000.0
4127,2026-08-19,91.0,94.5,88.8,88.8,284000.0
4128,2026-08-19,15.05,15.1,14.75,15.0,914000.0
4129,2026-08-19,86.0,87.5,85.8,87.0,196000.0
4131,2026-08-19,31.95,32.3,31.95,32.3,3000.0
4133,2026-08-18,20.9,20.9,20.65,20.75,39815.0
4137,2026-08-18,90.5,91.2,90.1,90.1,189765.0
4138,2026-08-19,50.9,51.0,50.8,51.0,8000.0
4139,2026-08-19,37.0,37.0,37.0,37.0,2000.0
4142,2026-08-18,17.25,17.3,17.1,17.3,501715.0
4147,2026-08-19,62.9,63.3,62.2,62.4,441000.0
4148,2026-08-18,31.4,31.95,31.05,31.35,54118.0
4153,2026-08-19,32.55,33.0,32.55,33.0,6000.0
4154,2026-08-19,0.0,0.0,0.0,0.0,0.0
4155,2026-08-18,14.8,14.8,14.55,14.7,164218.0
4157,2026-08-19,8.69,8.81,8.63,8.77,264000.0
4160,2026-08-19,39.4,39.4,39.25,39.3,5000.0
4161,2026-08-19,22.8,23.05,22.7,22.7,15000.0
4162,2026-08-19,59.0,59.2,58.0,58.2,237000.0
4163,2026-08-19,143.5,146.5,143.0,145.5,42000.0
4164,2026-08-18,26.2,26.2,25.85,25.85,396377.0
4166,2026-08-19,23.95,24.15,23.4,24.0,160000.0
4167,2026-08-19,19.45,19.9,19.25,19.85,1036000.0
4168,2026-08-19,22.3,22.5,22.1,22.5,99000.0
4169,2026-08-18,149.5,150.5,148.0,148.5,126939.0
4171,2026-08-19,16.8,17.15,16.5,17.15,72000.0
4173,2026-08-19,17.3,17.35,17.25,17.35,35000.0
4174,2026-08-19,25.8,25.8,25.6,25.6,117000.0
4175,2026-08-19,50.3,50.4,50.1,50.4,7000.0
4178,2026-08-18,17.4,17.4,17.2,17.2,97322.0
4183,2026-08-19,14.5,14.6,14.1,14.1,11000.0
4188,2026-08-19,10.15,10.15,9.89,10.1,13000.0
4190,2026-08-18,25.25,25.3,24.4,25.0,12232.0
4192,2026-08-19,0.0,0.0,0.0,0.0,0.0
4195,2026-08-18,14.6,14.8,14.35,14.35,120556.0
4198,2026-08-19,0.0,0.0,0.0,0.0,0.0
4205,2026-08-19,69.0,69.2,69.0,69.0,32000.0
4207,2026-08-19,20.65,20.75,20.05,20.6,213000.0
4303,2026-08-19,47.55,49.2,47.5,48.4,497000.0
4304,2026-08-19,21.3,21.3,21.3,21.3,46000.0
4305,2026-08-19,43.5,43.5,43.5,43.5,1000.0
4306,2026-08-18,15.6,15.7,15.3,15.45,1195967.0
4401,2026-08-19,14.1,14.1,13.9,14.0,12000.0
4402,2026-08-19,15.75,15.75,15.75,15.75,4000.0
4406,2026-08-19,10.05,10.05,9.95,10.0,13000.0
4413,2026-08-19,19.55,20.0,19.55,19.6,21000.0
4414,2026-08-18,8.53,8.59,8.46,8.46,195693.0
4416,2026-08-19,12.4,12.95,12.1,12.35,3341000.0
4417,2026-08-19,47.1,47.1,46.95,47.1,17000.0
4419,2026-08-19,46.3,46.3,46.25,46.25,2000.0
4420,2026-08-19,36.0,36.75,36.0,36.25,14000.0
4426,2026-08-18,7.82,7.84,7.76,7.77,69049.0
4430,2026-08-19,17.5,19.3,17.35,18.95,297000.0
4432,2026-08-19,15.9,15.9,15.55,15.6,42000.0
4433,2026-08-19,19.25,19.35,19.05,19.2,38000.0
4438,2026-08-18,60.5,60.5,59.0,59.5,123528.0
4439,2026-08-18,105.0,107.5,105.0,106.5,79838.0
4440,2026-08-18,17.7,17.7,17.5,17.6,1359056.0
4441,2026-08-18,193.0,194.5,191.0,192.0,97738.0
4442,2026-08-19,51.2,52.1,51.2,51.5,44000.0
4502,2026-08-19,15.65,15.7,15.65,15.7,2000.0
4503,2026-08-19,23.9,24.65,23.85,24.25,317000.0
4506,2026-08-19,123.0,123.5,122.0,122.0,53000.0
4510,2026-08-19,44.7,46.9,44.7,46.15,2294000.0
4513,2026-08-19,16.95,17.0,16.35,16.45,615000.0
4523,2026-08-19,24.0,24.1,23.85,24.1,40000.0
4526,2026-08-18,30.95,30.95,30.0,30.2,882067.0
4527,2026-08-19,40.85,40.9,40.85,40.9,7000.0
4528,2026-08-19,15.1,15.1,15.05,15.05,8000.0
4529,2026-08-19,3.42,3.42,3.23,3.25,35000.0
4530,2026-08-19,26.1,26.8,26.0,26.8,26000.0
4532,2026-08-18,23.6,23.8,23.5,23.6,633327.0
4533,2026-08-19,26.1,26.85,25.85,25.9,792000.0
4534,2026-08-19,30.0,31.4,29.75,30.1,579000.0
4535,2026-08-19,28.35,28.45,28.3,28.45,3000.0
4536,2026-08-18,167.0,168.5,166.5,167.0,137439.0
4538,2026-08-19,17.3,17.45,17.05,17.25,11000.0
4540,2026-08-18,61.9,62.8,59.5,61.7,3315248.0
4541,2026-08-19,69.8,72.2,67.5,67.6,3794000.0
4542,2026-08-19,243.0,255.0,240.5,254.0,435000.0
4543,2026-08-19,31.0,32.2,31.0,32.05,60000.0
4545,2026-08-18,32.1,32.45,30.7,31.4,91541.0
4549,2026-08-19,100.5,102.0,100.0,100.0,58000.0
4550,2026-08-19,24.35,24.45,24.2,24.35,84000.0
4551,2026-08-18,170.5,173.5,163.0,163.5,811164.0
4552,2026-08-18,17.5,17.55,17.4,17.55,37666.0
4554,2026-08-19,32.2,32.2,31.4,31.8,29000.0
4555,2026-08-18,48.6,48.7,47.4,47.65,241962.0
4556,2026-08-19,76.1,81.7,76.0,76.5,325000.0
4557,2026-08-18,51.5,51.8,50.7,50.7,42144.0
4558,2026-08-19,17.0,17.1,16.65,16.75,32000.0
4560,2026-08-18,32.4,33.8,32.2,32.8,404003.0
4561,2026-08-19,48.7,50.8,47.3,47.3,1926000.0
4562,2026-08-18,32.85,33.1,31.85,32.1,195495.0
4563,2026-08-19,39.75,40.0,39.45,39.45,80000.0
4564,2026-08-18,17.2,17.85,17.05,17.35,949788.0
4566,2026-08-18,75.0,75.0,73.2,73.5,1639604.0
4568,2026-08-19,39.2,39.45,39.2,39.4,6000.0
4569,2026-08-18,159.5,161.0,158.0,159.5,22722.0
4571,2026-08-18,169.5,172.5,163.0,164.0,283387.0
4572,2026-08-18,139.0,140.5,139.0,140.5,4466.0
4576,2026-08-18,223.5,226.5,209.0,210.5,1617769.0
4577,2026-08-19,75.8,79.2,75.5,76.4,276000.0
4580,2026-08-19,78.9,79.5,78.6,78.8,51000.0
4581,2026-08-18,48.1,48.1,47.7,47.85,5015.0
4582,2026-08-18,24.35,24.6,23.6,24.0,225528.0
4583,2026-08-18,489.0,493.5,468.5,472.0,255932.0
4584,2026-08-19,39.8,39.8,39.0,39.0,4000.0
4585,2026-08-18,312.5,315.0,299.0,299.0,274979.0
4588,2026-08-18,52.9,53.0,51.2,52.1,39020.0
4590,2026-08-18,90.0,90.7,86.2,86.5,480734.0
4609,2026-08-19,4.92,4.92,4.57,4.57,4000.0
4702,2026-08-19,9.51,9.98,9.51,9.77,118000.0
4706,2026-08-19,32.5,32.5,32.5,32.5,1000.0
4707,2026-08-19,32.0,33.7,31.25,31.4,3027000.0
4711,2026-08-19,16.75,16.9,16.65,16.7,30000.0
4714,2026-08-19,10.5,10.5,10.35,10.45,443000.0
4716,2026-08-19,17.0,17.2,16.7,16.85,435000.0
4720,2026-08-18,18.1,19.45,17.7,18.25,2052883.0
4721,2026-08-19,72.6,73.8,72.5,73.1,310000.0
4722,2026-08-18,219.5,219.5,205.0,206.0,1074493.0
4726,2026-08-19,24.05,24.3,23.95,24.3,113000.0
4728,2026-08-19,395.5,395.5,395.5,395.5,1000.0
4729,2026-08-19,18.6,19.15,18.6,18.9,76000.0
4735,2026-08-19,36.15,39.75,36.0,39.75,297000.0
4736,2026-08-18,143.0,143.0,140.0,140.5,363370.0
4737,2026-08-18,57.2,57.7,56.9,57.4,48117.0
4739,2026-08-18,91.3,91.9,87.0,87.0,1920171.0
4741,2026-08-19,42.35,42.85,41.55,41.55,42000.0
4743,2026-08-19,47.0,47.65,46.55,47.35,1014000.0
4744,2026-08-19,28.7,28.75,28.0,28.0,40000.0
4745,2026-08-19,11.8,11.8,11.55,11.7,48000.0
4746,2026-08-18,52.9,52.9,51.7,52.3,339088.0
4747,2026-08-19,53.1,58.3,53.0,56.5,156000.0
4749,2026-08-19,744.0,767.0,744.0,759.0,322000.0
4754,2026-08-19,38.2,38.2,38.05,38.1,37000.0
4755,2026-08-18,117.0,117.5,114.0,114.0,136915.0
4760,2026-08-19,246.5,257.0,240.5,250.0,546000.0
4763,2026-08-18,50.1,50.8,49.75,50.4,4233566.0
4764,2026-08-18,227.0,227.5,203.0,206.0,1896012.0
4766,2026-08-18,331.0,336.0,329.5,330.0,128248.0
4767,2026-08-19,27.45,27.55,27.4,27.5,12000.0
4768,2026-08-19,295.0,301.0,292.5,298.0,150000.0
4770,2026-08-18,216.0,219.5,213.0,214.0,203942.0
4771,2026-08-18,200.5,200.5,197.0,198.0,60460.0
4772,2026-08-19,245.0,250.5,243.5,247.5,467000.0
4806,2026-08-19,8.95,8.95,8.95,8.95,1000.0
4807,2026-08-18,31.7,32.05,30.75,30.85,149681.0
4903,2026-08-19,34.5,35.05,34.3,34.55,413000.0
4904,2026-08-18,100.0,101.5,99.9,101.5,6073013.0
4905,2026-08-19,86.1,93.8,85.8,90.2,192000.0
4906,2026-08-18,35.8,35.9,34.2,34.2,3037214.0
4907,2026-08-19,47.5,47.5,46.7,47.05,40000.0
4908,2026-08-19,143.5,155.0,143.5,152.5,894000.0
4909,2026-08-19,38.0,39.9,37.05,37.1,444000.0
4911,2026-08-19,28.5,28.5,27.5,27.75,32000.0
4912,2026-08-18,92.3,92.9,91.0,91.0,181436.0
4915,2026-08-18,60.6,60.7,59.4,59.4,3293257.0
4916,2026-08-18,103.0,105.0,99.1,100.5,3708301.0
4919,2026-08-18,124.0,125.0,118.0,118.0,3335871.0
4923,2026-08-19,50.3,57.0,50.3,53.4,639000.0
4924,2026-08-19,9.84,9.84,9.52,9.55,20000.0
4927,2026-08-18,33.55,33.8,32.7,32.75,1753969.0
4930,2026-08-18,16.3,16.3,16.0,16.05,24931.0
4931,2026-08-19,252.0,271.5,250.0,268.0,2009000.0
4933,2026-08-19,52.9,53.0,52.3,53.0,39000.0
4934,2026-08-18,14.5,14.5,14.0,14.05,437481.0
4935,2026-08-18,34.3,34.75,34.3,34.75,61000.0
4938,2026-08-18,89.9,91.0,87.4,91.0,13164912.0
4939,2026-08-19,60.2,63.1,60.1,60.5,7892000.0
4942,2026-08-18,33.15,33.3,33.15,33.25,83884.0
4943,2026-08-18,8.49,8.49,8.3,8.42,10101.0
4946,2026-08-19,85.5,92.0,85.5,89.7,55000.0
4949,2026-08-18,74.9,75.1,72.6,73.0,1312150.0
4950,2026-08-19,16.75,16.8,16.05,16.05,21000.0
4951,2026-08-19,76.0,77.3,75.7,76.5,244000.0
4952,2026-08-18,52.3,52.7,50.0,50.9,529411.0
4953,2026-08-19,120.5,123.5,120.5,123.0,176000.0
4956,2026-08-18,30.75,30.95,29.4,29.5,595801.0
4958,2026-08-18,507.0,513.0,469.0,474.0,39505304.0
4960,2026-08-18,21.8,21.8,20.45,20.5,2721381.0
4961,2026-08-18,163.5,164.5,159.5,160.0,401576.0
4966,2026-08-19,560.0,590.0,557.0,582.0,1516000.0
4967,2026-08-18,265.0,267.0,252.0,252.0,3655444.0
4968,2026-08-18,94.9,94.9,90.1,90.1,671461.0
4971,2026-08-19,524.0,574.0,520.0,528.0,4193000.0
4972,2026-08-19,16.5,17.05,16.5,16.5,10000.0
4973,2026-08-19,145.0,151.5,144.0,150.5,916000.0
4974,2026-08-19,68.5,68.7,68.0,68.2,81000.0
4976,2026-08-18,38.7,39.75,37.5,37.55,2535031.0
4977,2026-08-18,157.0,160.0,149.0,151.0,4511096.0
4979,2026-08-19,495.0,533.0,495.0,529.0,1266000.0
4989,2026-08-18,64.2,66.2,62.7,62.7,4680962.0
4991,2026-08-19,461.5,495.0,457.5,486.5,941000.0
4994,2026-08-18,83.8,85.0,82.6,82.7,15368.0
4995,2026-08-19,49.1,49.1,49.1,49.1,1000.0
4999,2026-08-18,18.95,18.95,18.6,18.7,16586.0
5007,2026-08-18,55.9,56.5,55.9,56.0,47363.0
5009,2026-08-19,32.8,33.3,32.55,33.2,1089000.0
5011,2026-08-19,17.7,17.7,17.3,17.3,131000.0
5013,2026-08-19,27.4,27.4,25.5,26.3,97000.0
5014,2026-08-19,10.1,10.15,10.0,10.1,151000.0
5015,2026-08-19,21.6,21.6,21.0,21.55,5000.0
5016,2026-08-19,24.5,24.7,24.5,24.7,16000.0
5201,2026-08-19,25.95,27.2,25.15,27.2,49000.0
5202,2026-08-19,11.75,11.9,11.75,11.8,142000.0
5203,2026-08-18,60.1,60.1,58.1,58.4,427031.0
5205,2026-08-19,20.65,20.65,20.65,20.65,6000.0
5206,2026-08-19,23.0,23.0,22.75,23.0,52000.0
5209,2026-08-19,160.0,162.0,160.0,161.5,23000.0
5210,2026-08-19,29.0,29.0,28.5,28.65,78000.0
5211,2026-08-19,19.1,19.35,19.1,19.2,16000.0
5212,2026-08-19,0.0,0.0,0.0,0.0,0.0
5213,2026-08-19,21.1,21.1,20.8,21.1,271000.0
5215,2026-08-18,39.9,40.25,39.7,40.25,49560.0
5220,2026-08-19,19.5,20.0,19.25,20.0,16000.0
5222,2026-08-18,121.0,121.5,117.0,117.0,361193.0
5223,2026-08-19,23.65,23.95,23.6,23.6,12000.0
5225,2026-08-18,60.8,60.9,59.8,60.0,341396.0
5227,2026-08-19,32.4,33.35,30.7,31.5,632000.0
5228,2026-08-19,41.0,44.3,41.0,42.55,336000.0
5230,2026-08-19,17.35,17.55,17.15,17.55,78000.0
5234,2026-08-18,323.5,323.5,303.0,303.0,463737.0
5236,2026-08-18,137.5,138.0,135.0,135.0,94287.0
5243,2026-08-18,89.9,90.9,88.0,88.2,646534.0
5244,2026-08-18,33.3,33.3,32.7,32.9,92555.0
5245,2026-08-19,0.0,0.0,0.0,0.0,0.0
5251,2026-08-19,24.8,25.0,24.55,24.9,15000.0
5258,2026-08-18,48.65,48.95,47.2,47.45,409552.0
5263,2026-08-19,88.5,89.9,88.0,88.0,120000.0
5269,2026-08-18,1400.0,1400.0,1360.0,1360.0,325963.0
5272,2026-08-19,17.1,17.25,16.55,17.25,39000.0
5274,2026-08-19,16250.0,16700.0,15585.0,15830.0,424000.0
5276,2026-08-19,19.5,19.7,19.4,19.65,13000.0
5278,2026-08-19,24.15,24.35,24.0,24.3,67000.0
5283,2026-08-18,57.9,58.5,56.2,56.5,121060.0
5284,2026-08-18,302.0,314.5,300.5,300.5,446515.0
5285,2026-08-18,77.3,79.3,76.5,76.5,689131.0
5287,2026-08-19,153.0,153.5,152.0,153.5,38000.0
5288,2026-08-18,194.0,195.0,189.5,191.5,126610.0
5289,2026-08-19,1400.0,1540.0,1390.0,1515.0,2096000.0
5291,2026-08-19,54.0,57.5,54.0,55.0,599000.0
5292,2026-08-18,195.0,196.0,190.5,191.0,282293.0
5299,2026-08-19,99.5,104.0,98.4,99.6,653000.0
5301,2026-08-19,5.51,5.51,5.5,5.5,19000.0
5302,2026-08-19,10.6,10.6,10.3,10.3,324000.0
5306,2026-08-18,93.3,93.6,92.8,93.4,77239.0
5309,2026-08-19,51.2,53.1,50.9,52.7,1451000.0
5310,2026-08-19,25.3,25.6,25.3,25.5,11000.0
5312,2026-08-19,90.1,91.3,89.9,90.6,63000.0
5314,2026-08-19,21.5,21.5,21.5,21.5,11013000.0
5315,2026-08-19,19.0,19.1,18.9,19.05,189000.0
5321,2026-08-19,71.5,72.0,67.5,71.0,760000.0
5324,2026-08-19,12.15,12.3,12.1,12.3,406000.0
5328,2026-08-19,60.4,65.5,60.4,63.1,12628000.0
5340,2026-08-19,74.9,77.7,74.5,75.8,1255000.0
5344,2026-08-19,13.55,13.65,13.55,13.65,2000.0
5345,2026-08-19,21.0,21.8,20.55,21.45,17000.0
5347,2026-08-19,149.0,152.5,147.5,151.5,20632000.0
5348,2026-08-19,16.95,16.95,15.7,16.75,4000.0
5351,2026-08-19,117.0,129.0,116.0,126.5,33687000.0
5353,2026-08-19,27.9,27.95,27.8,27.9,21000.0
5355,2026-08-19,5.35,5.74,5.35,5.65,34000.0
5356,2026-08-19,26.05,26.05,25.65,25.95,38000.0
5364,2026-08-19,8.55,8.55,8.5,8.51,22000.0
5371,2026-08-19,88.5,90.7,84.3,84.3,7822000.0
5381,2026-08-19,24.05,24.3,23.7,23.7,275000.0
5386,2026-08-19,224.0,239.0,223.0,230.5,833000.0
5388,2026-08-18,79.8,80.0,78.1,78.1,4471274.0
5392,2026-08-19,45.3,48.0,45.2,45.3,3284000.0
5398,2026-08-19,14.0,14.2,13.95,14.2,86000.0
5403,2026-08-19,91.7,92.1,91.7,92.1,17000.0
5410,2026-08-19,35.6,36.0,35.6,35.8,146000.0
5425,2026-08-19,90.2,98.5,89.4,91.8,43941000.0
5426,2026-08-19,26.8,27.35,26.6,27.2,309000.0
5432,2026-08-19,143.0,152.0,142.5,149.0,332000.0
5434,2026-08-18,539.0,567.0,523.0,553.0,2802574.0
5438,2026-08-19,16.8,16.95,16.8,16.95,58000.0
5439,2026-08-19,236.0,243.5,233.5,234.5,1344000.0
5443,2026-08-19,105.0,107.5,103.0,104.5,933000.0
5450,2026-08-19,15.4,15.55,15.15,15.15,175000.0
5452,2026-08-19,26.5,27.0,26.3,26.7,278000.0
5455,2026-08-19,29.6,29.6,29.6,29.6,3000.0
5457,2026-08-19,26.8,26.9,26.25,26.75,311000.0
5460,2026-08-19,15.7,16.1,15.7,16.0,37000.0
5464,2026-08-19,71.2,73.1,70.3,70.7,301000.0
5465,2026-08-19,23.95,24.4,23.95,24.25,84000.0
5468,2026-08-19,29.2,29.2,27.5,27.9,418000.0
5469,2026-08-18,74.7,75.4,73.9,74.0,1124803.0
5471,2026-08-18,58.4,58.6,55.8,56.2,2074071.0
5474,2026-08-19,163.0,166.0,159.5,159.5,606000.0
5475,2026-08-19,172.5,181.0,171.0,180.0,2410000.0
5478,2026-08-19,98.6,99.2,98.5,98.8,86000.0
5481,2026-08-19,18.95,19.85,18.5,19.35,370000.0
5483,2026-08-19,179.0,179.5,174.0,176.5,17758000.0
5484,2026-08-18,40.8,40.8,38.7,39.35,324156.0
5487,2026-08-19,29.2,29.5,28.85,29.1,75000.0
5488,2026-08-19,12.1,12.5,12.1,12.35,356000.0
5489,2026-08-19,42.0,42.5,40.85,41.3,104000.0
5490,2026-08-19,30.0,30.6,29.8,29.8,572000.0
5493,2026-08-19,78.5,79.8,78.1,78.4,33000.0
5498,2026-08-19,48.4,50.3,48.2,49.2,1174000.0
5508,2026-08-19,52.1,52.6,51.7,52.2,202000.0
5511,2026-08-19,70.0,71.0,70.0,71.0,139000.0
5512,2026-08-19,7.84,7.84,7.77,7.79,193000.0
5514,2026-08-19,14.4,14.6,14.05,14.6,26000.0
5515,2026-08-18,52.0,54.5,51.5,54.2,1741460.0
5516,2026-08-19,11.6,11.9,11.55,11.7,54000.0
5519,2026-08-18,27.8,27.9,27.65,27.8,217334.0
5520,2026-08-19,0.0,0.0,0.0,0.0,0.0
5521,2026-08-18,10.8,10.9,10.4,10.45,3195225.0
5522,2026-08-18,62.2,63.6,62.2,63.1,640556.0
5523,2026-08-19,0.0,0.0,0.0,0.0,0.0
5525,2026-08-18,21.8,22.1,21.75,21.75,67525.0
5529,2026-08-19,20.9,21.0,20.9,20.95,30000.0
5530,2026-08-19,49.0,50.0,49.0,49.9,311000.0
5531,2026-08-18,7.4,7.43,7.34,7.39,375880.0
5533,2026-08-18,13.9,13.95,13.8,13.85,82333.0
5534,2026-08-18,78.7,79.1,78.4,78.8,412021.0
5536,2026-08-19,880.0,921.0,860.0,873.0,2219000.0
5538,2026-08-18,34.6,35.45,34.6,35.25,138701.0
5543,2026-08-19,25.3,25.3,24.0,24.05,4000.0
5546,2026-08-18,13.3,14.0,13.3,14.0,39474.0
5547,2026-08-19,19.9,19.95,19.85,19.95,8000.0
5548,2026-08-19,20.55,20.55,20.55,20.55,4000.0
5601,2026-08-19,30.25,30.25,29.6,30.25,11000.0
5603,2026-08-19,14.35,14.4,14.25,14.4,81000.0
5604,2026-08-19,30.8,30.8,30.6,30.6,6000.0
5607,2026-08-18,53.0,53.5,52.5,53.0,1798121.0
5608,2026-08-18,14.65,15.95,14.55,15.95,14628709.0
5609,2026-08-19,77.4,77.7,76.8,77.3,193000.0
5701,2026-08-19,4.02,4.19,3.96,4.19,48000.0
5703,2026-08-19,14.55,14.95,14.55,14.95,4000.0
5704,2026-08-19,22.0,22.5,21.9,22.4,165000.0
5706,2026-08-18,45.55,45.95,45.0,45.05,112138.0
5864,2026-08-19,32.95,32.95,32.35,32.7,2505000.0
5871,2026-08-18,109.0,109.5,108.5,109.5,3353278.0
5876,2026-08-18,42.45,43.2,42.25,43.2,6595939.0
5878,2026-08-19,38.6,38.6,38.6,38.6,1000.0
5880,2026-08-18,24.65,25.2,24.5,24.95,26633409.0
5902,2026-08-19,34.55,34.55,34.4,34.4,6000.0
5903,2026-08-19,184.0,186.0,184.0,185.0,20000.0
5904,2026-08-19,78.3,82.5,77.6,78.0,21984000.0
5905,2026-08-19,7.89,7.91,7.82,7.9,230000.0
5906,2026-08-18,38.0,38.0,38.0,38.0,2262.0
5907,2026-08-18,4.94,4.98,4.86,4.88,219206.0
6005,2026-08-18,30.45,30.7,30.4,30.5,4757516.0
6015,2026-08-19,15.5,15.65,15.35,15.45,1004000.0
6016,2026-08-19,19.2,19.25,19.0,19.15,1422000.0
6020,2026-08-19,20.5,20.5,20.35,20.35,8000.0
6021,2026-08-19,36.7,36.75,35.8,35.9,38000.0
6023,2026-08-19,83.3,84.1,83.3,83.5,283000.0
6024,2026-08-18,60.8,61.3,60.6,60.8,190629.0
6026,2026-08-19,14.4,14.55,14.4,14.5,595000.0
6028,2026-08-19,98.3,99.5,98.3,99.5,20000.0
6101,2026-08-19,38.45,39.7,37.45,38.0,348000.0
6103,2026-08-19,0.0,0.0,0.0,0.0,0.0
6104,2026-08-19,90.4,92.7,89.3,92.5,421000.0
6108,2026-08-18,23.1,24.0,23.0,23.6,3495620.0
6109,2026-08-19,10.8,11.1,10.75,11.1,48000.0
6111,2026-08-19,36.0,36.3,35.4,35.7,232000.0
6112,2026-08-18,45.7,45.95,43.8,43.9,573429.0
6113,2026-08-19,23.0,23.55,22.95,23.15,104000.0
6114,2026-08-19,25.75,25.75,24.5,24.5,291000.0
6115,2026-08-18,44.95,45.0,44.75,44.8,184065.0
6116,2026-08-18,14.05,14.1,13.7,13.7,13102584.0
6117,2026-08-18,62.9,62.9,61.3,61.7,318133.0
6118,2026-08-19,15.1,15.3,15.05,15.3,105000.0
6120,2026-08-18,12.85,12.85,12.5,12.6,1409707.0
6121,2026-08-19,397.0,402.0,390.5,401.5,681000.0
6122,2026-08-19,48.0,48.0,46.95,47.3,168000.0
6123,2026-08-19,42.8,43.2,42.7,42.85,13000.0
6124,2026-08-19,27.0,27.0,27.0,27.0,3000.0
6125,2026-08-19,50.5,54.2,50.5,51.9,4579000.0
6126,2026-08-19,29.55,29.85,29.35,29.45,434000.0
6127,2026-08-19,46.9,51.5,46.7,49.7,4124000.0
6128,2026-08-18,20.25,20.3,20.15,20.15,37993.0
6129,2026-08-19,13.65,13.85,13.6,13.7,187000.0
6130,2026-08-19,28.05,28.45,27.75,28.4,40000.0
6133,2026-08-18,22.3,22.7,22.2,22.25,410185.0
6134,2026-08-19,27.7,28.15,27.7,27.75,116000.0
6136,2026-08-18,24.8,25.0,24.75,25.0,328880.0
6138,2026-08-19,277.5,299.0,274.0,297.0,1148000.0
6139,2026-08-18,815.0,816.0,780.0,782.0,2664930.0
6140,2026-08-19,16.0,16.5,16.0,16.3,64000.0
6141,2026-08-18,39.2,42.35,39.2,41.25,7786785.0
6142,2026-08-18,9.22,9.26,8.99,9.0,843739.0
6143,2026-08-19,89.0,89.8,88.2,89.3,260000.0
6144,2026-08-19,13.5,13.5,13.5,13.5,1000.0
6146,2026-08-19,194.0,196.5,193.0,195.5,275000.0
6147,2026-08-19,157.0,165.5,156.5,161.5,17100000.0
6148,2026-08-19,27.5,27.75,27.2,27.6,72000.0
6150,2026-08-19,58.8,59.9,58.0,59.0,64000.0
6151,2026-08-19,36.95,37.05,35.8,36.0,154000.0
6152,2026-08-18,14.15,14.35,13.8,13.8,742966.0
6153,2026-08-18,16.4,16.95,16.4,16.4,2300136.0
6154,2026-08-19,13.75,13.95,13.7,13.95,19000.0
6155,2026-08-18,59.6,61.0,57.2,57.4,1740978.0
6156,2026-08-19,20.7,21.35,20.7,21.05,364000.0
6158,2026-08-19,16.4,16.6,16.4,16.6,21000.0
6160,2026-08-19,13.85,13.95,13.5,13.95,30000.0
6161,2026-08-19,49.95,50.9,49.8,50.4,37000.0
6163,2026-08-19,41.7,43.05,41.2,41.6,962000.0
6164,2026-08-18,12.0,12.0,11.8,11.8,201491.0
6165,2026-08-18,47.6,48.0,47.1,47.3,232244.0
6166,2026-08-18,128.5,129.0,121.0,122.5,2381683.0
6167,2026-08-19,10.5,10.8,10.5,10.65,175000.0
6168,2026-08-18,24.75,25.0,24.1,24.25,915851.0
6169,2026-08-19,12.6,12.6,12.5,12.6,5000.0
6170,2026-08-19,47.9,47.9,47.55,47.55,150000.0
6171,2026-08-19,23.65,23.65,23.15,23.25,24000.0
6173,2026-08-19,190.0,213.5,189.5,213.5,9789000.0
6174,2026-08-19,41.3,44.75,41.3,44.75,797000.0
6175,2026-08-19,74.0,77.9,73.0,75.7,958000.0
6177,2026-08-18,48.65,49.1,48.0,49.1,3075622.0
6179,2026-08-19,26.6,27.2,26.6,26.85,781000.0
6180,2026-08-19,41.1,41.15,40.8,40.85,166000.0
6182,2026-08-19,114.0,117.5,109.0,110.0,75213000.0
6183,2026-08-18,92.7,93.1,92.5,92.8,26984.0
6184,2026-08-18,42.0,42.0,41.9,41.9,35955.0
6185,2026-08-19,13.2,13.2,13.1,13.2,107000.0
6186,2026-08-19,33.05,33.1,32.55,32.7,780000.0
6187,2026-08-19,1210.0,1355.0,1205.0,1305.0,4731000.0
6188,2026-08-19,69.2,70.6,68.6,69.1,730000.0
6189,2026-08-18,48.0,48.05,47.4,47.5,374734.0
6190,2026-08-19,65.1,65.8,64.0,65.0,736000.0
6191,2026-08-18,86.2,86.9,84.8,85.4,1778170.0
6192,2026-08-18,116.0,116.5,114.5,115.5,160418.0
6194,2026-08-19,29.6,29.65,29.4,29.4,55000.0
6195,2026-08-19,0.0,0.0,0.0,0.0,0.0
6196,2026-08-18,513.0,520.0,501.0,503.0,1090805.0
6197,2026-08-18,303.0,304.0,294.0,294.0,1215328.0
6198,2026-08-19,19.9,19.9,19.35,19.35,64000.0
6199,2026-08-19,95.0,99.8,95.0,95.9,1508000.0
6201,2026-08-18,44.9,44.9,44.0,44.3,63137.0
6202,2026-08-18,60.0,60.1,57.0,57.3,1914113.0
6203,2026-08-19,59.8,60.4,59.8,60.3,56000.0
6204,2026-08-19,76.8,84.8,76.8,83.5,334000.0
6205,2026-08-18,62.0,64.7,61.8,61.9,281447.0
6206,2026-08-18,146.0,148.0,142.5,143.5,1787898.0
6207,2026-08-19,99.3,108.0,99.3,102.0,2957000.0
6208,2026-08-19,80.9,81.7,79.9,81.5,178000.0
6209,2026-08-18,71.1,72.0,67.2,67.7,4239298.0
6210,2026-08-19,16.9,17.25,16.9,17.1,4000.0
6212,2026-08-19,0.0,0.0,0.0,0.0,0.0
6213,2026-08-18,486.0,500.0,477.0,488.0,3600293.0
6214,2026-08-18,175.0,176.0,173.5,176.0,5269144.0
6215,2026-08-18,104.0,106.0,100.5,101.5,1281632.0
6216,2026-08-18,22.25,22.25,22.0,22.0,88005.0
6217,2026-08-19,147.5,164.5,145.0,153.0,2763000.0
6218,2026-08-19,37.1,39.5,37.1,38.55,1430000.0
6219,2026-08-19,12.3,12.3,11.95,12.1,68000.0
6220,2026-08-19,25.2,25.65,25.05,25.55,101000.0
6221,2026-08-19,22.05,22.3,22.05,22.3,17000.0
6222,2026-08-19,0.0,0.0,0.0,0.0,0.0
6223,2026-08-19,5000.0,5550.0,5000.0,5255.0,1042000.0
6224,2026-08-18,66.2,66.5,64.0,65.3,530365.0
6225,2026-08-18,48.8,48.8,48.8,48.8,363060.0
6226,2026-08-18,19.4,21.1,19.4,21.1,15604523.0
6227,2026-08-19,118.0,119.0,115.5,117.0,343000.0
6228,2026-08-19,17.4,17.4,17.3,17.3,2000.0
6229,2026-08-19,24.35,24.35,23.6,23.85,49000.0
6230,2026-08-18,111.5,111.5,108.0,108.0,21793.0
6231,2026-08-19,220.5,223.0,213.0,213.5,199000.0
6233,2026-08-19,20.7,21.45,20.5,21.2,112000.0
6234,2026-08-19,35.6,36.1,35.05,35.3,196000.0
6235,2026-08-18,39.3,39.35,37.7,37.7,521757.0
6236,2026-08-19,0.0,0.0,0.0,0.0,0.0
6237,2026-08-19,32.8,33.75,32.7,33.25,108000.0
6239,2026-08-18,279.0,279.5,265.0,265.5,11353209.0
6240,2026-08-19,20.85,20.85,20.05,20.75,35000.0
6242,2026-08-19,34.0,34.1,34.0,34.1,8000.0
6243,2026-08-18,44.95,46.5,42.8,42.85,1633751.0
6244,2026-08-19,24.65,25.25,24.65,25.15,1427000.0
6245,2026-08-19,81.2,84.3,80.2,83.4,577000.0
6246,2026-08-19,12.1,12.2,12.0,12.2,79000.0
6248,2026-08-19,18.2,18.25,18.1,18.1,32000.0
6257,2026-08-18,208.0,208.5,199.5,199.5,6262729.0
6259,2026-08-19,29.8,31.6,29.8,30.6,391000.0
6261,2026-08-19,76.6,78.1,75.8,76.2,378000.0
6263,2026-08-19,160.0,162.5,160.0,161.5,71000.0
6264,2026-08-19,6.0,6.02,5.93,6.02,4000.0
6265,2026-08-19,57.5,59.4,56.5,59.2,6160000.0
6266,2026-08-19,24.7,25.1,24.6,25.0,106000.0
6269,2026-08-18,65.8,66.5,63.9,64.4,2974942.0
6270,2026-08-19,29.7,30.25,29.7,29.9,121000.0
6271,2026-08-18,196.0,199.5,193.0,195.0,2471066.0
6272,2026-08-18,23.9,23.9,23.0,23.0,188409.0
6274,2026-08-19,1455.0,1575.0,1455.0,1500.0,5428000.0
6275,2026-08-19,44.2,46.0,44.0,45.15,864000.0
6276,2026-08-19,19.7,19.7,19.0,19.0,16000.0
6277,2026-08-18,87.5,88.2,82.0,84.0,899664.0
6278,2026-08-18,175.0,177.5,168.0,172.0,4528509.0
6279,2026-08-19,126.0,128.0,124.0,128.0,385000.0
6281,2026-08-18,51.7,51.7,51.1,51.2,56252.0
6282,2026-08-18,46.9,47.55,46.0,46.4,6629587.0
6283,2026-08-18,20.1,20.1,19.85,19.95,89166.0
6284,2026-08-19,74.4,80.8,73.9,79.1,1486000.0
6285,2026-08-18,243.0,244.5,236.0,236.0,3408804.0
6290,2026-08-19,205.0,229.0,204.0,223.5,4546000.0
6291,2026-08-19,360.5,396.0,360.0,376.0,477000.0
6292,2026-08-19,61.7,63.2,61.7,62.2,152000.0
6294,2026-08-19,28.65,28.8,28.6,28.7,36000.0
6405,2026-08-18,39.6,39.85,38.25,38.5,201690.0
6409,2026-08-18,985.0,1080.0,983.0,1065.0,1188346.0
6411,2026-08-19,78.0,80.8,76.6,78.1,430000.0
6412,2026-08-18,78.7,78.7,76.7,76.9,759058.0
6414,2026-08-18,418.0,419.0,386.5,389.5,4143465.0
6415,2026-08-18,453.5,464.5,445.0,445.5,2988991.0
6416,2026-08-18,94.5,96.1,91.4,92.5,353580.0
6417,2026-08-19,109.0,109.0,107.0,107.0,61000.0
6418,2026-08-19,32.6,32.7,32.1,32.25,36000.0
6419,2026-08-19,161.5,167.5,159.5,161.5,425000.0
6423,2026-08-19,75.4,79.4,75.3,78.9,42000.0
6425,2026-08-19,56.9,59.8,56.9,57.8,191000.0
6426,2026-08-18,239.5,244.5,233.5,244.0,825472.0
6431,2026-08-18,19.3,20.0,18.5,19.9,84180.0
6432,2026-08-19,66.2,69.8,66.0,67.7,566000.0
6435,2026-08-19,251.0,272.0,246.5,257.0,904000.0
6438,2026-08-18,147.5,148.0,143.0,143.0,233103.0
6441,2026-08-19,21.85,21.85,21.5,21.55,35000.0
6442,2026-08-18,1650.0,1705.0,1530.0,1555.0,4607203.0
6443,2026-08-18,27.5,27.65,26.35,26.35,4728704.0
6446,2026-08-18,1430.0,1430.0,1345.0,1400.0,5232513.0
6449,2026-08-18,231.0,233.5,224.0,224.0,417394.0
6451,2026-08-18,470.5,474.5,419.5,421.0,6411097.0
6456,2026-08-18,65.4,67.7,65.0,65.5,2121392.0
6461,2026-08-19,15.8,15.9,15.8,15.9,40000.0
6462,2026-08-19,97.5,98.3,96.0,97.0,365000.0
6464,2026-08-18,76.9,79.0,76.8,79.0,377897.0
6465,2026-08-19,46.8,47.05,46.0,46.1,98000.0
6469,2026-08-19,67.9,68.0,66.8,67.9,439000.0
6470,2026-08-19,41.05,41.6,41.0,41.55,24000.0
6472,2026-08-18,413.5,416.5,404.0,404.5,398333.0
6474,2026-08-19,39.75,40.0,39.7,39.8,127000.0
6477,2026-08-18,37.8,40.3,37.8,38.4,5552916.0
6482,2026-08-19,28.6,28.6,27.85,28.5,7000.0
6485,2026-08-19,58.0,61.0,58.0,61.0,255000.0
6486,2026-08-19,73.7,74.2,73.5,74.2,64000.0
6488,2026-08-19,1010.0,1030.0,972.0,983.0,10429000.0
6491,2026-08-18,363.0,365.0,358.0,361.5,226372.0
6492,2026-08-19,37.55,38.5,37.55,37.55,132000.0
6494,2026-08-19,54.7,56.0,53.5,55.4,228000.0
6496,2026-08-19,24.1,25.0,23.95,25.0,16000.0
6498,2026-08-19,73.7,75.8,73.1,73.9,65000.0
6499,2026-08-19,61.5,62.5,60.6,61.6,102000.0
6504,2026-08-18,37.8,37.8,37.0,37.1,33051.0
6505,2026-08-18,71.3,76.2,71.3,72.0,39001736.0
6506,2026-08-19,17.35,17.35,17.15,17.15,90000.0
6508,2026-08-19,26.0,26.1,25.75,25.75,9000.0
6509,2026-08-19,45.6,46.25,45.45,45.85,429000.0
6510,2026-08-19,2665.0,2900.0,2650.0,2660.0,382000.0
6512,2026-08-19,20.3,20.3,19.95,19.95,2000.0
6515,2026-08-18,6480.0,6695.0,6210.0,6315.0,440750.0
6516,2026-08-19,58.8,58.9,57.5,58.5,57000.0
6517,2026-08-19,68.3,69.5,66.6,66.6,1782000.0
6523,2026-08-19,90.0,90.0,89.1,89.8,27000.0
6525,2026-08-18,148.0,158.0,147.0,148.0,4913226.0
6526,2026-08-18,600.0,603.0,578.0,579.0,467549.0
6527,2026-08-19,74.7,74.9,74.6,74.7,10000.0
6530,2026-08-19,78.5,82.3,78.1,79.9,459000.0
6531,2026-08-18,893.0,925.0,847.0,863.0,7561123.0
6532,2026-08-19,82.3,90.7,82.3,87.8,1041000.0
6533,2026-08-18,244.0,248.5,243.0,245.0,913515.0
6534,2026-08-18,91.2,91.3,90.7,91.1,51253.0
6535,2026-08-19,83.1,83.3,80.7,81.0,366000.0
6538,2026-08-19,186.0,197.5,185.0,191.5,2353000.0
6541,2026-08-18,37.3,37.3,35.5,35.5,708021.0
6542,2026-08-19,45.35,45.7,45.35,45.7,2000.0
6546,2026-08-19,61.3,63.1,61.0,62.0,138000.0
6547,2026-08-19,52.2,52.9,51.4,51.7,2811000.0
6548,2026-08-19,70.2,74.7,69.6,71.1,2199000.0
6550,2026-08-18,10.8,10.8,10.15,10.3,2499641.0
6552,2026-08-18,24.7,24.7,24.25,24.35,45755.0
6556,2026-08-19,58.3,58.8,58.3,58.5,12000.0
6558,2026-08-18,25.55,25.55,25.0,25.0,169574.0
6560,2026-08-19,30.5,31.0,30.5,31.0,13000.0
6561,2026-08-19,318.5,321.0,318.5,320.0,33000.0
6568,2026-08-19,125.5,129.0,124.5,125.5,79000.0
6569,2026-08-19,92.0,93.4,91.8,92.9,79000.0
6570,2026-08-19,54.1,55.5,54.0,55.1,70000.0
6573,2026-08-18,16.55,16.8,16.0,16.15,238834.0
6574,2026-08-19,122.5,124.0,121.0,122.5,22000.0
6576,2026-08-19,79.4,79.5,78.8,79.2,41000.0
6577,2026-08-19,80.5,80.7,79.3,80.7,37000.0
6578,2026-08-19,17.9,18.1,17.8,18.0,12000.0
6579,2026-08-18,153.0,153.5,150.0,151.0,518489.0
6581,2026-08-18,107.0,108.5,107.0,107.5,34119.0
6582,2026-08-18,31.65,31.65,31.05,31.1,35306.0
6584,2026-08-19,586.0,618.0,575.0,600.0,698000.0
6585,2026-08-18,120.0,120.0,115.0,116.5,338956.0
6588,2026-08-19,92.7,98.5,91.1,95.0,1906000.0
6589,2026-08-18,48.4,49.3,48.3,48.7,323561.0
6590,2026-08-19,65.0,65.5,65.0,65.5,4000.0
6591,2026-08-18,43.95,44.15,43.25,43.35,118280.0
6592,2026-08-18,60.5,60.9,60.5,60.6,170812.0
6593,2026-08-19,32.75,32.9,32.1,32.65,24000.0
6596,2026-08-19,95.0,95.0,93.3,93.5,192000.0
6597,2026-08-19,67.2,73.0,67.2,73.0,63000.0
6598,2026-08-18,28.8,29.2,27.75,27.75,257963.0
6603,2026-08-19,27.1,28.05,27.0,27.1,1703000.0
6605,2026-08-18,139.0,140.0,137.5,138.0,227043.0
6606,2026-08-18,26.8,27.1,26.1,26.35,171588.0
6609,2026-08-19,38.6,39.1,38.5,39.0,89000.0
6612,2026-08-19,72.4,73.3,72.0,73.3,34000.0
6613,2026-08-19,253.0,257.5,248.5,251.0,194000.0
6614,2026-08-18,36.1,36.1,35.75,35.85,42820.0
6615,2026-08-19,33.7,33.7,33.65,33.65,2000.0
6616,2026-08-19,8.56,8.62,8.43,8.55,7000.0
6617,2026-08-19,97.0,97.0,94.5,95.2,254000.0
6620,2026-08-19,76.5,76.5,74.7,74.8,283000.0
6624,2026-08-19,42.25,42.25,42.25,42.25,1000.0
6625,2026-08-18,76.8,77.0,76.3,76.8,66851.0
6629,2026-08-19,112.0,112.0,109.0,111.5,8000.0
6637,2026-08-19,61.0,61.2,60.8,61.2,75000.0
6640,2026-08-19,1015.0,1055.0,966.0,966.0,266000.0
6641,2026-08-18,18.1,18.3,18.0,18.0,30540.0
6642,2026-08-19,78.0,80.8,78.0,79.1,199000.0
6643,2026-08-19,396.5,417.0,396.5,409.5,224000.0
6645,2026-08-18,13.1,13.2,12.85,12.85,18499.0
6649,2026-08-19,34.75,35.8,34.75,35.1,40000.0
6651,2026-08-19,135.5,142.0,134.0,138.0,205000.0
6654,2026-08-19,162.5,167.5,162.5,167.5,14000.0
6655,2026-08-18,115.0,115.0,115.0,115.0,5000.0
6657,2026-08-18,30.5,30.5,29.5,29.7,144738.0
6658,2026-08-18,157.5,163.0,157.0,161.5,286723.0
6661,2026-08-19,17.25,17.25,17.0,17.0,3000.0
6662,2026-08-19,0.0,0.0,0.0,0.0,0.0
6664,2026-08-19,323.5,333.5,320.0,333.5,130000.0
6666,2026-08-18,43.2,43.75,43.2,43.7,18909.0
6667,2026-08-19,220.0,224.0,217.0,224.0,78000.0
6668,2026-08-18,36.15,36.95,35.3,35.5,368292.0
6669,2026-08-18,6595.0,6650.0,6285.0,6400.0,1657408.0
6670,2026-08-18,261.0,263.5,261.0,261.5,82958.0
6671,2026-08-18,22.3,22.3,22.25,22.3,16215.0
6672,2026-08-18,283.0,295.0,277.5,288.0,8355505.0
6674,2026-08-18,15.0,15.0,14.55,14.75,24037.0
6679,2026-08-19,196.0,202.0,195.0,199.5,150000.0
6680,2026-08-19,51.5,51.5,51.5,51.5,3000.0
6683,2026-08-19,1200.0,1275.0,1185.0,1190.0,433000.0
6684,2026-08-19,46.5,47.0,46.0,46.1,46000.0
6689,2026-08-18,60.7,61.0,60.2,60.2,67888.0
6690,2026-08-19,162.5,163.5,162.5,162.5,12000.0
6691,2026-08-18,730.0,736.0,707.0,713.0,1105310.0
6692,2026-08-19,24.65,25.2,24.3,24.5,35000.0
6693,2026-08-19,168.0,187.5,167.0,174.0,1136000.0
6695,2026-08-18,50.2,50.3,48.3,48.3,418222.0
6697,2026-08-19,40.2,40.6,40.2,40.6,7000.0
6698,2026-08-18,31.55,31.55,30.9,30.95,95960.0
6703,2026-08-19,102.0,103.5,101.5,103.5,23000.0
6706,2026-08-18,122.5,123.5,116.5,118.5,919142.0
6708,2026-08-19,38.15,39.75,38.15,39.75,5000.0
6712,2026-08-19,145.5,148.5,145.5,146.5,101000.0
6715,2026-08-18,405.0,428.0,393.0,419.0,1164315.0
6716,2026-08-19,134.0,138.0,132.5,136.5,407000.0
6719,2026-08-18,203.0,204.0,194.0,194.5,812522.0
6720,2026-08-19,136.0,137.5,132.0,137.5,14000.0
6721,2026-08-19,51.4,51.4,51.4,51.4,1000.0
6722,2026-08-18,32.35,32.4,32.1,32.25,12419.0
6725,2026-08-19,230.0,230.0,223.0,228.0,96000.0
6727,2026-08-19,414.0,454.0,414.0,443.5,1220000.0
6728,2026-08-19,106.5,106.5,105.5,105.5,9000.0
6730,2026-08-19,33.0,33.0,32.85,32.9,14000.0
6732,2026-08-19,149.0,152.0,148.0,150.5,136000.0
6733,2026-08-19,25.3,25.45,25.1,25.3,55000.0
6735,2026-08-19,62.2,64.1,60.9,61.2,66000.0
6739,2026-08-19,954.0,1005.0,954.0,978.0,83000.0
6741,2026-08-19,54.3,54.6,54.2,54.2,126000.0
6742,2026-08-18,43.8,44.2,42.5,43.75,367584.0
6743,2026-08-18,25.55,26.2,24.9,24.95,224583.0
6751,2026-08-19,41.3,41.3,41.3,41.3,3000.0
6752,2026-08-19,100.5,101.0,100.5,101.0,31000.0
6753,2026-08-18,147.5,152.0,144.0,144.5,2541575.0
6754,2026-08-18,41.65,41.65,41.5,41.5,11041.0
6756,2026-08-18,99.7,99.7,97.1,97.2,91964.0
6757,2026-08-18,56.3,56.8,56.0,56.6,1548799.0
6761,2026-08-19,177.0,182.5,176.0,182.0,321000.0
6762,2026-08-19,0.0,0.0,0.0,0.0,0.0
6763,2026-08-19,41.95,42.1,41.7,41.9,97000.0
6767,2026-08-19,25.5,25.5,25.3,25.3,3000.0
6768,2026-08-18,65.0,66.1,63.5,63.7,827597.0
6770,2026-08-18,75.0,75.7,69.5,69.7,226495303.0
6771,2026-08-18,41.5,41.7,41.05,41.5,37003.0
6776,2026-08-18,53.6,53.7,53.3,53.4,42004.0
6781,2026-08-18,1100.0,1110.0,1055.0,1060.0,548495.0
6782,2026-08-18,201.5,201.5,198.5,198.5,91538.0
6785,2026-08-19,99.2,99.2,97.6,98.3,46000.0
6788,2026-08-19,349.5,359.5,340.5,350.0,162000.0
6789,2026-08-18,444.0,454.0,433.0,433.0,962543.0
6790,2026-08-18,37.85,38.0,37.85,37.9,106834.0
6791,2026-08-19,98.9,99.1,98.9,99.1,7000.0
6792,2026-08-18,58.1,58.7,58.0,58.5,15183.0
6794,2026-08-18,70.0,70.0,67.0,68.1,56086.0
6796,2026-08-18,59.1,60.9,59.1,59.6,43735.0
6799,2026-08-18,81.8,82.3,78.7,78.8,287288.0
6803,2026-08-19,268.0,268.0,267.5,268.0,28000.0
6804,2026-08-19,18.55,19.15,18.55,18.95,97000.0
6805,2026-08-18,1950.0,1995.0,1900.0,1960.0,2057755.0
6807,2026-08-18,38.0,38.0,36.95,37.9,10122.0
6811,2026-08-19,222.0,225.5,218.5,225.5,110000.0
6821,2026-08-19,41.15,41.95,40.9,41.6,93000.0
6823,2026-08-19,62.0,62.3,61.0,61.6,54000.0
6829,2026-08-19,216.0,222.0,213.0,213.5,700000.0
6830,2026-08-18,444.0,444.0,420.5,431.5,1774631.0
6831,2026-08-18,697.0,697.0,653.0,655.0,743027.0
6834,2026-08-18,99.5,102.5,94.2,95.2,2452546.0
6835,2026-08-18,31.6,31.8,30.65,31.0,23359.0
6838,2026-08-18,22.85,22.9,22.4,22.45,187627.0
6840,2026-08-19,81.5,82.9,80.5,82.4,230000.0
6841,2026-08-19,52.5,53.1,52.3,52.5,180000.0
6843,2026-08-19,38.85,39.1,38.85,39.1,6000.0
6844,2026-08-19,61.0,61.0,60.0,60.0,16000.0
6846,2026-08-19,57.9,57.9,56.6,57.4,9000.0
6854,2026-08-18,92.0,92.0,89.2,89.7,224789.0
6855,2026-08-19,116.0,116.0,116.0,116.0,4000.0
6856,2026-08-19,42.95,44.2,42.95,44.2,3000.0
6859,2026-08-19,105.5,114.5,105.5,113.5,115000.0
6861,2026-08-18,208.0,209.0,197.0,198.5,297814.0
6862,2026-08-18,142.0,142.0,137.0,137.0,75031.0
6863,2026-08-18,109.0,111.5,107.0,109.0,222603.0
6865,2026-08-19,0.0,0.0,0.0,0.0,0.0
6869,2026-08-18,65.5,69.8,65.4,69.8,1025065.0
6870,2026-08-19,248.5,265.0,248.5,261.5,28000.0
6872,2026-08-19,15.25,15.4,15.05,15.05,10000.0
6873,2026-08-18,67.6,72.2,67.6,70.2,687024.0
6874,2026-08-19,77.9,78.6,77.0,78.6,21000.0
6875,2026-08-19,33.0,33.0,32.5,32.6,28000.0
6877,2026-08-19,114.5,120.0,114.5,120.0,27000.0
6881,2026-08-19,204.0,207.0,204.0,206.0,9000.0
6884,2026-08-19,30.5,30.5,30.5,30.5,5000.0
6885,2026-08-18,20.35,20.45,20.2,20.45,113033.0
6887,2026-08-18,35.85,36.3,35.2,36.3,27171.0
6890,2026-08-18,162.5,163.0,159.0,160.5,273349.0
6894,2026-08-19,320.5,335.0,320.5,330.5,25000.0
6895,2026-08-19,126.5,126.5,120.0,120.0,33000.0
6899,2026-08-19,50.3,50.4,50.2,50.2,6000.0
6901,2026-08-18,16.95,17.0,16.45,16.55,1276460.0
6902,2026-08-18,134.5,134.5,131.0,133.5,40711.0
6903,2026-08-19,317.5,322.5,310.5,316.5,382000.0
6904,2026-08-19,0.0,0.0,0.0,0.0,0.0
6906,2026-08-18,72.6,72.6,71.6,71.7,14585.0
6907,2026-08-19,186.0,201.0,182.5,192.5,8769000.0
6908,2026-08-18,31.7,32.0,31.35,31.4,35650.0
6909,2026-08-18,40.25,41.0,39.9,40.0,170388.0
6910,2026-08-19,24.45,24.45,24.2,24.2,13000.0
6913,2026-08-19,143.0,146.0,139.0,140.5,397000.0
6914,2026-08-18,148.0,148.5,147.5,147.5,58570.0
6916,2026-08-18,18.65,18.7,18.6,18.6,13000.0
6918,2026-08-18,74.0,74.6,73.8,74.6,11002.0
6919,2026-08-18,102.0,106.0,101.0,104.5,3113457.0
6921,2026-08-18,71.5,71.5,70.0,71.0,11100.0
6922,2026-08-19,195.0,208.0,189.0,200.5,414000.0
6923,2026-08-18,76.5,76.7,75.6,75.9,26176.0
6924,2026-08-18,112.5,114.5,111.5,114.0,19528.0
6925,2026-08-19,49.5,51.2,49.5,50.2,16000.0
6928,2026-08-18,49.3,49.35,48.0,48.0,105830.0
6929,2026-08-19,22.45,22.45,21.95,22.4,10000.0
6931,2026-08-18,42.0,42.2,41.5,41.5,77409.0
6933,2026-08-18,193.0,193.0,186.5,191.5,461807.0
6934,2026-08-18,72.5,73.4,72.3,72.3,23000.0
6936,2026-08-18,32.25,32.55,32.15,32.35,53815.0
6937,2026-08-18,287.0,287.0,269.5,270.0,302911.0
6944,2026-08-18,754.0,761.0,741.0,743.0,214838.0
6945,2026-08-19,101.0,102.5,99.5,99.5,148000.0
6947,2026-08-18,74.0,74.0,72.1,72.1,1145136.0
6949,2026-08-18,1035.0,1085.0,1035.0,1055.0,186295.0
6951,2026-08-18,72.1,72.1,71.5,72.0,8739.0
6952,2026-08-18,36.2,37.0,36.2,37.0,20128.0
6953,2026-08-19,229.0,232.5,228.5,230.0,44000.0
6955,2026-08-18,121.5,121.5,119.0,119.0,9020.0
6957,2026-08-18,217.5,218.0,213.5,214.0,58244.0
6958,2026-08-18,17.65,17.65,17.3,17.4,39037.0
6961,2026-08-19,51.0,51.0,50.8,50.8,9000.0
6962,2026-08-18,30.95,31.0,30.2,30.2,1780408.0
6965,2026-08-18,74.9,75.0,74.0,74.0,40653.0
6967,2026-08-19,71.8,75.6,71.6,75.6,118000.0
6968,2026-08-19,44.2,44.2,43.25,43.45,20000.0
6969,2026-08-18,32.7,33.0,31.85,32.2,110649.0
6971,2026-08-19,25.9,25.9,25.85,25.9,38000.0
6982,2026-08-19,48.0,48.5,48.0,48.3,7000.0
6983,2026-08-19,299.0,300.0,293.0,299.5,44000.0
6986,2026-08-19,42.95,42.95,42.35,42.9,24000.0
6988,2026-08-18,12.35,12.35,12.1,12.2,25000.0
6994,2026-08-18,36.35,37.3,35.35,35.4,709296.0
6996,2026-08-19,179.0,179.5,177.0,177.5,24000.0
6997,2026-08-19,68.9,68.9,68.9,68.9,1000.0
7402,2026-08-19,111.0,114.5,107.0,109.0,538000.0
7547,2026-08-19,51.8,53.5,51.8,53.5,3000.0
7556,2026-08-19,257.5,257.5,243.0,243.5,39000.0
7584,2026-08-19,27.35,27.35,27.35,27.35,1000.0
7610,2026-08-18,1925.0,1945.0,1740.0,1740.0,795040.0
7631,2026-08-18,145.0,146.5,144.0,144.5,61590.0
7642,2026-08-19,75.8,78.3,75.8,78.2,9000.0
7689,2026-08-18,173.0,173.0,170.5,172.0,51947.0
7703,2026-08-19,177.5,178.5,173.5,177.0,35000.0
7704,2026-08-19,63.2,63.7,62.7,62.7,18000.0
7705,2026-08-18,30.7,30.75,30.6,30.6,11094.0
7708,2026-08-19,92.2,93.0,92.1,93.0,13000.0
7709,2026-08-19,71.3,71.3,70.1,71.0,12000.0
7711,2026-08-18,480.0,495.0,480.0,492.0,870862.0
7712,2026-08-19,141.0,150.0,140.5,144.0,160000.0
7713,2026-08-19,71.1,71.1,71.0,71.0,2000.0
7714,2026-08-19,167.0,174.0,162.0,164.5,336000.0
7715,2026-08-19,31.0,32.1,30.9,31.65,30000.0
7716,2026-08-19,0.0,0.0,0.0,0.0,0.0
7717,2026-08-19,417.0,420.5,398.0,398.0,157000.0
7718,2026-08-19,48.0,48.2,47.6,47.85,45000.0
7721,2026-08-18,62.3,62.4,61.8,62.0,39563.0
7722,2026-08-18,278.0,278.0,274.0,276.0,65892.0
7723,2026-08-19,18.9,19.15,18.5,19.15,76000.0
7728,2026-08-19,585.0,585.0,585.0,585.0,1000.0
7730,2026-08-18,173.5,174.0,157.0,157.0,71913.0
7732,2026-08-18,33.8,34.5,33.5,33.5,45000.0
7734,2026-08-19,2945.0,3020.0,2810.0,2905.0,196000.0
7736,2026-08-18,69.4,71.1,69.3,69.5,22012.0
7738,2026-08-19,163.5,167.0,163.5,165.0,5000.0
7740,2026-08-18,143.0,144.5,141.0,141.5,79717.0
7743,2026-08-19,20.6,21.25,20.6,21.25,2000.0
7744,2026-08-19,495.5,513.0,477.0,484.5,188000.0
7747,2026-08-19,113.0,114.0,113.0,114.0,5000.0
7749,2026-08-18,343.5,344.5,324.0,327.0,178208.0
7750,2026-08-18,2410.0,2535.0,2405.0,2490.0,890438.0
7751,2026-08-19,1435.0,1515.0,1420.0,1435.0,489000.0
7753,2026-08-19,37.3,37.55,37.3,37.3,7000.0
7757,2026-08-19,91.8,91.8,89.8,89.8,3000.0
7760,2026-08-18,33.2,33.2,32.8,33.0,43015.0
7765,2026-08-18,224.0,226.0,222.0,223.0,28724.0
7767,2026-08-19,43.8,45.2,43.8,44.7,36000.0
7768,2026-08-18,272.5,274.0,263.5,263.5,63429.0
7769,2026-08-18,6670.0,6775.0,6500.0,6525.0,535071.0
7770,2026-08-19,36.8,37.95,36.8,37.95,3000.0
7772,2026-08-19,88.0,92.0,88.0,89.0,46000.0
7777,2026-08-19,37.7,38.95,37.45,37.55,1093000.0
7780,2026-08-18,16.8,16.8,16.65,16.7,606219.0
7782,2026-08-19,25.7,27.9,25.4,25.4,73000.0
7786,2026-08-18,125.5,125.5,122.0,123.0,161522.0
7788,2026-08-18,279.5,283.5,267.0,278.0,2253392.0
7791,2026-08-18,56.9,56.9,56.2,56.3,22836.0
7792,2026-08-19,288.5,288.5,288.5,288.5,591000.0
7794,2026-08-19,28.2,28.2,27.75,28.0,19000.0
7795,2026-08-18,546.0,574.0,537.0,572.0,904733.0
7799,2026-08-18,351.5,352.5,347.0,351.0,98768.0
7803,2026-08-18,19.85,19.85,19.1,19.1,32290.0
7805,2026-08-19,692.0,702.0,682.0,693.0,66000.0
7810,2026-08-19,195.5,195.5,192.5,194.0,11000.0
7811,2026-08-19,71.1,71.6,71.1,71.6,3000.0
7814,2026-08-19,31.0,31.0,30.35,31.0,42000.0
7818,2026-08-18,62.2,63.1,62.0,62.4,34880.0
7819,2026-08-19,35.9,36.75,35.8,35.8,39000.0
7820,2026-08-19,111.5,120.0,111.5,120.0,15000.0
7821,2026-08-18,39.2,39.25,38.9,38.9,164139.0
7822,2026-08-18,907.0,935.0,897.0,897.0,204502.0
7823,2026-08-18,84.3,84.4,83.1,83.5,24008.0
7827,2026-08-18,156.0,156.0,151.5,156.0,202923.0
7828,2026-08-19,1575.0,1675.0,1575.0,1615.0,169000.0
7835,2026-08-18,22.9,22.9,21.7,22.0,73195.0
7839,2026-08-19,44.95,45.0,44.95,45.0,12000.0
7842,2026-08-19,99.9,103.0,95.2,101.0,166000.0
7855,2026-08-18,43.7,44.0,43.55,43.55,2063586.0
8011,2026-08-18,16.0,16.0,15.75,15.8,370598.0
8016,2026-08-18,301.5,305.0,288.0,288.0,2032061.0
8021,2026-08-18,437.0,452.0,400.0,408.5,10703530.0
8024,2026-08-19,13.0,13.3,12.95,13.3,9000.0
8027,2026-08-19,166.0,176.5,165.5,169.0,1730000.0
8028,2026-08-18,265.0,265.0,248.0,248.5,4958913.0
8032,2026-08-19,35.3,36.0,35.2,35.9,36000.0
8033,2026-08-18,185.0,195.0,185.0,186.0,2118292.0
8034,2026-08-19,18.35,18.5,18.3,18.5,39000.0
8038,2026-08-19,30.1,30.8,30.1,30.7,119000.0
8039,2026-08-18,258.0,284.5,258.0,277.5,31881009.0
8040,2026-08-19,67.8,71.8,67.4,71.2,267000.0
8042,2026-08-19,99.2,111.5,98.5,111.5,5692000.0
8043,2026-08-19,132.0,149.5,132.0,143.0,6029000.0
8044,2026-08-19,25.6,25.6,25.15,25.25,278000.0
8045,2026-08-18,53.8,53.8,51.4,51.6,89550.0
8046,2026-08-18,1320.0,1355.0,1245.0,1245.0,10339787.0
8047,2026-08-19,48.0,49.15,46.0,49.15,22000.0
8048,2026-08-19,51.8,51.8,50.9,51.5,62000.0
8049,2026-08-19,24.6,24.85,24.3,24.35,149000.0
8050,2026-08-19,56.0,56.9,55.7,56.7,1233000.0
8054,2026-08-19,78.5,80.7,78.4,79.0,541000.0
8059,2026-08-19,13.45,13.7,13.3,13.5,99000.0
8064,2026-08-19,98.5,102.5,96.6,99.2,1475000.0
8066,2026-08-19,14.5,14.65,14.5,14.65,22000.0
8067,2026-08-19,12.75,12.8,12.35,12.7,29000.0
8068,2026-08-19,16.95,17.1,16.8,16.95,35000.0
8069,2026-08-19,153.5,161.5,153.0,161.0,8508000.0
8070,2026-08-18,49.3,54.4,49.15,54.4,13023416.0
8071,2026-08-19,23.55,24.6,23.2,24.1,963000.0
8072,2026-08-18,26.95,26.95,26.2,26.5,71784.0
8074,2026-08-19,53.9,55.7,53.3,55.0,290000.0
8076,2026-08-19,23.2,23.2,23.0,23.15,298000.0
8077,2026-08-19,44.9,45.05,44.9,44.9,4000.0
8080,2026-08-19,27.7,27.8,27.7,27.75,23000.0
8081,2026-08-18,256.0,258.0,250.5,252.0,409387.0
8083,2026-08-19,159.0,159.0,157.5,158.5,119000.0
8084,2026-08-19,49.3,51.0,49.3,50.4,175000.0
8085,2026-08-19,11.95,12.4,11.75,12.3,1042000.0
8086,2026-08-19,112.0,119.5,111.5,115.5,4650000.0
8087,2026-08-19,27.7,27.7,26.25,26.95,4000.0
8088,2026-08-19,44.6,46.0,44.6,45.2,465000.0
8089,2026-08-19,17.45,17.85,17.35,17.7,94000.0
8091,2026-08-19,212.5,223.0,212.5,220.5,298000.0
8092,2026-08-19,12.4,12.45,12.3,12.35,16000.0
8093,2026-08-19,23.2,24.5,22.5,22.95,70000.0
8096,2026-08-19,106.0,110.0,105.5,108.0,2983000.0
8097,2026-08-19,50.1,50.5,49.3,50.4,95000.0
8099,2026-08-19,58.9,59.4,58.1,59.1,412000.0
8101,2026-08-18,10.2,10.65,9.81,10.0,36695.0
8102,2026-08-19,68.9,69.0,68.8,68.9,4000.0
8103,2026-08-18,80.1,88.0,80.0,83.4,3721183.0
8104,2026-08-18,31.8,31.95,30.75,30.8,270895.0
8105,2026-08-18,13.6,14.55,13.6,13.8,48154094.0
8107,2026-08-19,12.05,12.15,11.9,11.9,26000.0
8109,2026-08-19,135.5,142.0,133.5,135.5,2085000.0
8110,2026-08-18,45.8,47.0,44.3,44.3,4989686.0
8111,2026-08-19,54.5,56.2,54.2,55.2,850000.0
8112,2026-08-18,93.3,94.2,90.3,90.3,11463283.0
8114,2026-08-18,205.0,205.0,194.5,195.5,879000.0
8121,2026-08-19,27.65,28.55,27.05,27.7,617000.0
8131,2026-08-18,64.2,65.8,62.1,62.2,1870761.0
8147,2026-08-19,119.5,121.0,118.0,119.0,59000.0
8150,2026-08-18,91.5,92.4,87.6,89.1,28382010.0
8155,2026-08-19,311.0,321.0,307.0,311.0,562000.0
8162,2026-08-18,61.5,61.5,56.7,56.8,264327.0
8163,2026-08-18,31.7,31.7,31.05,31.05,578000.0
8171,2026-08-19,19.25,19.45,18.65,19.4,79000.0
8176,2026-08-19,9.95,10.1,9.93,9.96,45000.0
8182,2026-08-19,39.2,40.9,39.0,40.4,747000.0
8183,2026-08-19,29.25,29.5,28.8,28.95,307000.0
8201,2026-08-18,11.85,11.85,11.55,11.55,17014.0
8210,2026-08-18,1040.0,1070.0,1015.0,1025.0,1699375.0
8213,2026-08-18,34.05,34.05,33.0,33.0,401670.0
8215,2026-08-18,24.9,24.9,24.05,24.2,364377.0
8222,2026-08-18,40.25,41.9,40.2,40.3,1327836.0
8227,2026-08-19,148.0,151.0,145.0,148.0,225000.0
8234,2026-08-19,67.7,70.8,67.0,70.6,1141000.0
8240,2026-08-19,42.1,42.1,40.7,41.5,78000.0
8249,2026-08-18,42.0,42.0,39.95,39.95,339325.0
8255,2026-08-19,144.5,152.5,144.0,146.0,556000.0
8261,2026-08-18,196.5,210.5,185.0,186.5,13143315.0
8271,2026-08-18,229.0,232.0,223.0,223.0,2874908.0
8272,2026-08-19,63.2,63.2,61.6,62.5,7000.0
8277,2026-08-19,7.85,8.03,7.85,8.03,31000.0
8279,2026-08-19,85.4,85.4,83.6,84.6,36000.0
8284,2026-08-19,66.0,66.7,66.0,66.6,22000.0
8289,2026-08-19,44.7,47.2,44.65,47.0,436000.0
8291,2026-08-19,31.6,34.5,31.6,33.25,28000.0
8299,2026-08-19,1920.0,1970.0,1905.0,1965.0,4356000.0
8341,2026-08-18,75.8,76.1,75.6,75.8,99224.0
8342,2026-08-19,87.0,87.4,87.0,87.4,5000.0
8349,2026-08-19,39.1,39.4,39.0,39.4,80000.0
8354,2026-08-19,17.25,17.4,17.15,17.25,42000.0
8358,2026-08-19,398.0,413.5,392.0,410.5,14975000.0
8367,2026-08-18,40.55,40.55,40.45,40.45,42695.0
8374,2026-08-18,86.7,87.2,83.0,84.3,435902.0
8383,2026-08-19,68.3,69.9,66.8,67.2,1596000.0
8390,2026-08-19,97.0,97.0,95.2,95.4,345000.0
8401,2026-08-19,23.0,23.0,22.8,22.85,23000.0
8403,2026-08-19,19.35,19.45,19.25,19.35,60000.0
8404,2026-08-18,16.1,16.15,16.0,16.0,147616.0
8409,2026-08-19,0.0,0.0,0.0,0.0,0.0
8410,2026-08-19,31.2,31.5,31.2,31.5,4000.0
8411,2026-08-18,12.9,12.95,12.8,12.8,79519.0
8415,2026-08-19,38.0,38.0,37.25,38.0,371000.0
8416,2026-08-19,169.5,169.5,168.5,168.5,3000.0
8421,2026-08-19,13.2,13.3,13.1,13.15,44000.0
8422,2026-08-18,26.55,27.15,26.4,27.1,9577639.0
8423,2026-08-19,17.85,17.85,17.8,17.8,7000.0
8424,2026-08-19,69.0,69.2,69.0,69.2,5000.0
8426,2026-08-19,20.9,21.2,20.7,21.2,6000.0
8429,2026-08-18,6.02,6.02,5.98,5.98,88038.0
8431,2026-08-19,45.25,46.35,44.5,44.5,346000.0
8432,2026-08-19,49.7,50.0,49.7,50.0,6000.0
8433,2026-08-19,54.5,54.8,54.2,54.4,15000.0
8435,2026-08-19,53.5,53.6,53.2,53.5,22000.0
8436,2026-08-19,123.5,124.5,123.0,124.0,470000.0
8437,2026-08-19,9.33,9.33,8.95,9.05,10000.0
8438,2026-08-18,67.7,67.9,65.8,66.5,218362.0
8440,2026-08-19,20.1,20.3,20.05,20.3,52000.0
8442,2026-08-18,44.05,44.75,44.0,44.55,45203.0
8443,2026-08-18,11.45,11.45,11.45,11.45,1548367.0
8444,2026-08-19,0.0,0.0,0.0,0.0,0.0
8446,2026-08-19,85.9,86.2,84.9,85.1,50000.0
8450,2026-08-19,14.8,14.8,14.45,14.45,7000.0
8454,2026-08-18,262.0,262.5,256.0,258.0,438167.0
8455,2026-08-19,22.75,23.3,22.7,23.3,6000.0
8462,2026-08-18,176.0,176.0,174.0,174.0,85971.0
8463,2026-08-18,21.35,21.35,21.15,21.25,31619.0
8464,2026-08-18,371.0,372.0,364.5,371.0,353221.0
8466,2026-08-18,16.05,16.05,15.85,15.85,25086.0
8467,2026-08-18,99.0,100.0,98.5,98.5,28487.0
8472,2026-08-19,69.0,69.3,67.0,69.3,3000.0
8473,2026-08-18,45.8,46.15,45.15,45.35,489250.0
8476,2026-08-18,19.8,20.45,19.8,20.15,443260.0
8477,2026-08-19,15.8,15.9,15.7,15.9,5000.0
8478,2026-08-18,140.5,142.0,139.0,139.5,162999.0
8481,2026-08-18,40.2,40.45,40.0,40.1,45200.0
8482,2026-08-18,49.3,49.3,48.5,48.5,4010.0
8487,2026-08-18,72.9,72.9,71.3,71.3,15336.0
8488,2026-08-18,10.15,10.25,9.76,9.9,325000.0
8489,2026-08-19,22.45,22.85,22.45,22.7,26000.0
8499,2026-08-18,266.0,279.5,260.5,275.5,60298.0
8905,2026-08-19,33.95,34.55,33.5,34.55,6000.0
8906,2026-08-19,27.0,27.6,27.0,27.6,20000.0
8908,2026-08-19,39.9,39.95,39.6,39.6,21000.0
8916,2026-08-19,40.3,40.6,40.05,40.4,61000.0
8917,2026-08-19,53.5,53.5,53.5,53.5,1000.0
8921,2026-08-19,17.4,17.4,17.4,17.4,6000.0
8923,2026-08-19,18.65,18.65,18.65,18.65,10000.0
8924,2026-08-19,50.4,50.8,50.4,50.6,37000.0
8926,2026-08-18,56.4,56.8,55.8,56.0,2376990.0
8927,2026-08-19,19.7,19.9,19.65,19.9,50000.0
8928,2026-08-19,22.85,23.0,22.8,22.9,14000.0
8929,2026-08-19,13.25,13.25,13.05,13.15,14000.0
8930,2026-08-19,29.25,29.4,29.25,29.35,23000.0
8931,2026-08-19,40.95,40.95,40.6,40.6,12000.0
8932,2026-08-19,107.0,111.5,105.0,109.0,3116000.0
8933,2026-08-19,4.41,4.6,4.4,4.44,94000.0
8935,2026-08-19,17.75,17.75,16.7,17.4,196000.0
8936,2026-08-19,49.95,50.6,49.7,50.6,983000.0
8937,2026-08-19,23.4,25.55,23.2,25.55,338000.0
8938,2026-08-19,52.5,52.9,52.1,52.7,46000.0
8940,2026-08-18,15.5,15.8,15.15,15.2,33870.0
8941,2026-08-19,44.4,44.75,44.4,44.75,25000.0
8942,2026-08-19,41.4,41.6,41.0,41.25,150000.0
8996,2026-08-18,1265.0,1265.0,1165.0,1175.0,2317593.0
9103,2026-08-18,5.21,5.23,5.14,5.2,1014559.0
9105,2026-08-18,8.82,8.83,8.38,8.42,25110344.0
9110,2026-08-18,3.04,3.05,3.04,3.05,3000.0
9136,2026-08-18,11.55,12.1,11.55,12.0,417726.0
9802,2026-08-18,70.5,70.8,69.5,70.3,714532.0
9902,2026-08-18,14.0,14.0,13.75,13.85,48422.0
9904,2026-08-18,24.7,24.7,24.3,24.5,18651672.0
9905,2026-08-18,21.4,21.45,21.3,21.35,103573.0
9906,2026-08-18,39.15,39.6,38.05,39.2,40538.0
9907,2026-08-18,14.8,14.95,14.75,14.85,1226639.0
9908,2026-08-18,29.0,29.1,29.0,29.0,93081.0
9910,2026-08-18,69.3,69.5,68.0,69.1,1639641.0
9911,2026-08-18,82.1,82.3,81.8,82.2,144798.0
9912,2026-08-18,12.95,13.0,12.8,12.85,588959.0
9914,2026-08-18,81.0,82.0,80.3,80.6,1183670.0
9917,2026-08-18,108.0,108.5,108.0,108.5,227513.0
9918,2026-08-18,42.3,42.5,42.3,42.45,8281.0
9919,2026-08-18,13.85,13.95,13.8,13.8,94989.0
9921,2026-08-18,97.0,98.4,95.2,97.4,2787832.0
9924,2026-08-18,38.3,38.4,38.15,38.25,229361.0
9925,2026-08-18,40.05,40.2,39.95,40.0,985234.0
9926,2026-08-18,48.85,48.85,48.5,48.7,23853.0
9927,2026-08-18,69.2,69.3,68.5,68.7,77691.0
9928,2026-08-18,18.7,18.7,18.5,18.6,54429.0
9929,2026-08-18,11.35,11.35,11.3,11.3,3820.0
9930,2026-08-18,62.7,63.2,62.5,63.2,70415.0
9931,2026-08-18,33.6,33.9,33.6,33.65,22416.0
9933,2026-08-18,42.25,42.25,41.45,41.8,1838616.0
9934,2026-08-18,11.4,11.4,11.25,11.35,557819.0
9935,2026-08-18,20.65,20.65,20.4,20.5,355936.0
9937,2026-08-18,54.7,55.1,54.4,55.0,52426.0
9938,2026-08-18,42.0,42.0,41.2,41.2,1435268.0
9939,2026-08-18,130.5,131.0,128.0,129.5,1173528.0
9940,2026-08-18,20.8,20.85,20.65,20.7,219281.0
9941,2026-08-18,83.5,84.4,83.4,84.2,697723.0
9942,2026-08-18,114.5,115.0,114.5,114.5,64458.0
9943,2026-08-18,50.7,50.9,50.7,50.7,37439.0
9944,2026-08-18,17.5,17.5,17.25,17.25,36390.0
9945,2026-08-18,30.2,30.2,29.6,29.7,11027127.0
9946,2026-08-18,19.05,19.1,18.85,18.85,274221.0
9949,2026-08-19,23.45,23.45,23.05,23.3,37000.0
9950,2026-08-19,10.2,10.2,10.15,10.2,51000.0
9951,2026-08-19,53.0,53.9,53.0,53.9,78000.0
9955,2026-08-18,24.6,25.4,24.5,24.55,225484.0
9958,2026-08-18,103.0,103.5,101.0,101.0,1815464.0
9960,2026-08-19,29.55,30.5,29.5,30.2,24000.0
9962,2026-08-19,10.2,10.25,10.1,10.15,39000.0
