symbol,top10_main_force_buy_strength,top10_main_force_net_buy,top10_main_force_buy_rank,branch_main_force_buy_streak_days,foreign_buy_streak_days,investment_trust_buy_streak_days,dealer_buy_streak_days,foreign_net_buy,investment_trust_net_buy,dealer_net_buy,chip_data_date,chip_data_source,chip_data_source_status,top10_main_force_brokers,branch_main_force_leader,top10_main_force_buy_strength_proxy,institutional_main_force_strength_proxy
0050,,,,,0,8,1,-22723224,50000,8195918,2026-08-07,TWSE T86 official,official-only,,,0.0,0.0
0051,,,,,4,0,0,50,0,-26552,2026-08-07,TWSE T86 official,official-only,,,0.0,0.0
0052,,,,,0,0,4,-2546670,0,1764435,2026-08-07,TWSE T86 official,official-only,,,0.0,0.0
0053,,,,,3,0,0,1,0,-1396,2026-08-07,TWSE T86 official,official-only,,,0.0,0.0
0055,,,,,0,0,1,-17000,0,56060,2026-08-07,TWSE T86 official,official-only,,,40.0,40.0
0056,,,,,1,4,3,679289,230000,735105,2026-08-07,TWSE T86 official,official-only,,,40.3,40.3
0057,,,,,2,0,0,963,0,-4629,2026-08-07,TWSE T86 official,official-only,,,0.0,0.0
0061,,,,,1,0,0,125000,0,-3502,2026-08-07,TWSE T86 official,official-only,,,40.0,40.0
1101,,,,,3,0,0,3459974,-2000,-158560,2026-08-07,TWSE T86 official,official-only,,,40.7,40.7
1102,,,,,3,3,0,195022,121000,-20937,2026-08-07,TWSE T86 official,official-only,,,40.1,40.1
1103,,,,,1,0,1,106999,0,5000,2026-08-07,TWSE T86 official,official-only,,,40.0,40.0
1104,,,,,1,0,1,159295,0,7932,2026-08-07,TWSE T86 official,official-only,,,40.0,40.0
1108,,,,,1,0,1,86351,0,17000,2026-08-07,TWSE T86 official,official-only,,,40.0,40.0
1109,,,,,1,0,1,29000,0,3000,2026-08-07,TWSE T86 official,official-only,,,40.0,40.0
1110,,,,,1,0,1,65000,0,3000,2026-08-07,TWSE T86 official,official-only,,,40.0,40.0
1201,,,,,0,0,0,-8000,0,-3000,2026-08-07,TWSE T86 official,official-only,,,0.0,0.0
1203,,,,,0,0,1,-3000,0,2000,2026-08-07,TWSE T86 official,official-only,,,0.0,0.0
1210,,,,,1,2,0,55000,200000,-464966,2026-08-07,TWSE T86 official,official-only,,,0.0,0.0
1215,,,,,0,0,2,-104157,0,4000,2026-08-07,TWSE T86 official,official-only,,,0.0,0.0
1216,,,,,8,0,0,20335509,-97000,-4412,2026-08-07,TWSE T86 official,official-only,,,44.1,44.1
1217,,,,,1,0,1,3000,0,7000,2026-08-07,TWSE T86 official,official-only,,,40.0,40.0
1218,,,,,1,0,1,400000,0,7000,2026-08-07,TWSE T86 official,official-only,,,40.1,40.1
1219,,,,,2,0,1,199568,0,5000,2026-08-07,TWSE T86 official,official-only,,,40.0,40.0
1220,,,,,0,0,0,-7000,0,0,2026-08-07,TWSE T86 official,official-only,,,0.0,0.0
1225,,,,,1,0,0,46095,0,-8000,2026-08-07,TWSE T86 official,official-only,,,40.0,40.0
1227,,,,,2,0,1,267020,0,38000,2026-08-07,TWSE T86 official,official-only,,,40.1,40.1
1229,,,,,2,0,1,400169,-10626,18205,2026-08-07,TWSE T86 official,official-only,,,40.1,40.1
1231,,,,,1,0,1,11000,0,5000,2026-08-07,TWSE T86 official,official-only,,,40.0,40.0
1232,,,,,1,0,1,40834,0,1000,2026-08-07,TWSE T86 official,official-only,,,40.0,40.0
1233,,,,,0,0,1,-2000,0,1000,2026-08-07,TWSE T86 official,official-only,,,0.0,0.0
1234,,,,,0,0,0,-10000,0,0,2026-08-07,TWSE T86 official,official-only,,,0.0,0.0
1235,,,,,0,0,0,-1000,0,0,2026-08-07,TWSE T86 official,official-only,,,0.0,0.0
1236,,,,,1,0,0,100000,0,0,2026-08-07,TWSE T86 official,official-only,,,40.0,40.0
1256,,,,,2,0,2,8998,0,2000,2026-08-07,TWSE T86 official,official-only,,,40.0,40.0
1301,,,,,1,0,1,955684,0,351097,2026-08-07,TWSE T86 official,official-only,,,40.2,40.2
1303,,,,,0,1,2,-7333983,1758000,376546,2026-08-07,TWSE T86 official,official-only,,,0.0,0.0
1304,,,,,3,0,0,352788,0,-41668,2026-08-07,TWSE T86 official,official-only,,,40.1,40.1
1305,,,,,3,0,0,226000,0,-23238,2026-08-07,TWSE T86 official,official-only,,,40.0,40.0
1307,,,,,3,0,1,116001,-2000,4000,2026-08-07,TWSE T86 official,official-only,,,40.0,40.0
1308,,,,,4,0,1,377238,0,27862,2026-08-07,TWSE T86 official,official-only,,,40.1,40.1
1309,,,,,2,0,0,80657,0,-10996,2026-08-07,TWSE T86 official,official-only,,,40.0,40.0
1310,,,,,0,0,1,-1290229,0,5834,2026-08-07,TWSE T86 official,official-only,,,0.0,0.0
1312,,,,,0,0,0,-2289000,0,-50638,2026-08-07,TWSE T86 official,official-only,,,0.0,0.0
1313,,,,,0,0,2,-401709,0,19546,2026-08-07,TWSE T86 official,official-only,,,0.0,0.0
1314,,,,,0,0,0,-4730398,0,-33000,2026-08-07,TWSE T86 official,official-only,,,0.0,0.0
1315,,,,,0,0,0,-1000,0,0,2026-08-07,TWSE T86 official,official-only,,,0.0,0.0
1316,,,,,2,0,1,224000,0,96000,2026-08-07,TWSE T86 official,official-only,,,40.1,40.1
1319,,,,,4,0,1,271798,-80000,15578,2026-08-07,TWSE T86 official,official-only,,,40.0,40.0
1321,,,,,1,0,1,13000,0,2000,2026-08-07,TWSE T86 official,official-only,,,40.0,40.0
1323,,,,,1,0,1,3000,0,12000,2026-08-07,TWSE T86 official,official-only,,,40.0,40.0
1324,,,,,0,0,0,-3000,0,0,2026-08-07,TWSE T86 official,official-only,,,0.0,0.0
1325,,,,,1,0,0,128281,0,0,2026-08-07,TWSE T86 official,official-only,,,40.0,40.0
1326,,,,,0,0,1,-1738677,0,144943,2026-08-07,TWSE T86 official,official-only,,,0.0,0.0
1337,,,,,1,0,0,67981,0,0,2026-08-07,TWSE T86 official,official-only,,,40.0,40.0
1338,,,,,0,0,0,-7000,0,0,2026-08-07,TWSE T86 official,official-only,,,0.0,0.0
1339,,,,,3,0,0,15000,0,-1980,2026-08-07,TWSE T86 official,official-only,,,40.0,40.0
1340,,,,,1,0,0,63000,0,0,2026-08-07,TWSE T86 official,official-only,,,40.0,40.0
1341,,,,,0,0,0,-1000,0,0,2026-08-07,TWSE T86 official,official-only,,,0.0,0.0
1342,,,,,4,0,1,226572,0,6000,2026-08-07,TWSE T86 official,official-only,,,40.0,40.0
1402,,,,,10,3,1,14004021,120000,196254,2026-08-07,TWSE T86 official,official-only,,,42.8,42.8
1409,,,,,0,0,1,-651537,0,18290,2026-08-07,TWSE T86 official,official-only,,,0.0,0.0
1410,,,,,0,0,0,-9000,0,0,2026-08-07,TWSE T86 official,official-only,,,0.0,0.0
1413,,,,,0,0,1,-2000,0,1000,2026-08-07,TWSE T86 official,official-only,,,0.0,0.0
1414,,,,,1,0,0,80140,0,-20000,2026-08-07,TWSE T86 official,official-only,,,40.0,40.0
1416,,,,,1,0,0,133036,0,-18000,2026-08-07,TWSE T86 official,official-only,,,40.0,40.0
1417,,,,,0,0,0,-14000,0,0,2026-08-07,TWSE T86 official,official-only,,,0.0,0.0
1418,,,,,0,0,0,0,0,0,2026-08-07,TWSE T86 official,official-only,,,0.0,0.0
1419,,,,,0,0,1,-25000,0,10000,2026-08-07,TWSE T86 official,official-only,,,0.0,0.0
1423,,,,,0,0,0,-1000,0,0,2026-08-07,TWSE T86 official,official-only,,,0.0,0.0
1432,,,,,7,0,0,17022,0,0,2026-08-07,TWSE T86 official,official-only,,,40.0,40.0
1434,,,,,0,0,1,-35811,0,50000,2026-08-07,TWSE T86 official,official-only,,,0.0,0.0
1435,,,,,1,0,0,12000,0,0,2026-08-07,TWSE T86 official,official-only,,,40.0,40.0
1436,,,,,1,0,1,152081,0,11000,2026-08-07,TWSE T86 official,official-only,,,40.0,40.0
1437,,,,,0,0,0,-20132,0,-1000,2026-08-07,TWSE T86 official,official-only,,,0.0,0.0
1438,,,,,1,0,0,4000,0,0,2026-08-07,TWSE T86 official,official-only,,,40.0,40.0
1439,,,,,4,0,0,4000,0,-1000,2026-08-07,TWSE T86 official,official-only,,,40.0,40.0
1440,,,,,2,0,0,3532,0,-71481,2026-08-07,TWSE T86 official,official-only,,,0.0,0.0
1441,,,,,0,0,0,-1000,0,0,2026-08-07,TWSE T86 official,official-only,,,0.0,0.0
1442,,,,,1,0,0,208703,0,0,2026-08-07,TWSE T86 official,official-only,,,40.0,40.0
1443,,,,,0,0,0,-2000,0,-2000,2026-08-07,TWSE T86 official,official-only,,,0.0,0.0
1444,,,,,0,0,1,-152057,0,52000,2026-08-07,TWSE T86 official,official-only,,,0.0,0.0
1445,,,,,1,0,0,6000,0,-6000,2026-08-07,TWSE T86 official,official-only,,,40.0,40.0
1446,,,,,1,0,2,72000,0,6000,2026-08-07,TWSE T86 official,official-only,,,40.0,40.0
1447,,,,,0,0,1,-411250,0,25000,2026-08-07,TWSE T86 official,official-only,,,0.0,0.0
1449,,,,,0,0,1,-58475,0,11839,2026-08-07,TWSE T86 official,official-only,,,0.0,0.0
1451,,,,,1,0,0,39000,0,0,2026-08-07,TWSE T86 official,official-only,,,40.0,40.0
1452,,,,,1,0,2,22004,0,6000,2026-08-07,TWSE T86 official,official-only,,,40.0,40.0
1453,,,,,1,0,0,4000,0,0,2026-08-07,TWSE T86 official,official-only,,,40.0,40.0
1454,,,,,0,0,0,0,0,0,2026-08-07,TWSE T86 official,official-only,,,0.0,0.0
1455,,,,,2,0,1,77204,0,9178,2026-08-07,TWSE T86 official,official-only,,,40.0,40.0
1456,,,,,0,0,0,-8000,0,0,2026-08-07,TWSE T86 official,official-only,,,0.0,0.0
1457,,,,,2,0,1,6000,0,33000,2026-08-07,TWSE T86 official,official-only,,,40.0,40.0
1459,,,,,1,0,0,27963,0,-17000,2026-08-07,TWSE T86 official,official-only,,,40.0,40.0
1460,,,,,1,0,0,66800,0,0,2026-08-07,TWSE T86 official,official-only,,,40.0,40.0
1463,,,,,0,0,0,-1000,0,0,2026-08-07,TWSE T86 official,official-only,,,0.0,0.0
1464,,,,,0,0,1,-31781,0,10000,2026-08-07,TWSE T86 official,official-only,,,0.0,0.0
1465,,,,,1,0,0,12000,0,0,2026-08-07,TWSE T86 official,official-only,,,40.0,40.0
1466,,,,,1,0,0,59317,0,0,2026-08-07,TWSE T86 official,official-only,,,40.0,40.0
1467,,,,,1,0,0,6013,0,-17000,2026-08-07,TWSE T86 official,official-only,,,0.0,0.0
1468,,,,,0,0,0,-1000,0,0,2026-08-07,TWSE T86 official,official-only,,,0.0,0.0
1470,,,,,0,0,0,-1000,0,0,2026-08-07,TWSE T86 official,official-only,,,0.0,0.0
1471,,,,,0,0,0,-2000,0,-1000,2026-08-07,TWSE T86 official,official-only,,,0.0,0.0
1472,,,,,0,0,0,-4000,0,-4000,2026-08-07,TWSE T86 official,official-only,,,0.0,0.0
1473,,,,,1,0,0,5000,0,0,2026-08-07,TWSE T86 official,official-only,,,40.0,40.0
1474,,,,,0,0,0,0,0,0,2026-08-07,TWSE T86 official,official-only,,,0.0,0.0
1475,,,,,2,0,0,4000,0,0,2026-08-07,TWSE T86 official,official-only,,,40.0,40.0
1476,,,,,0,1,0,-1081768,134000,-9939,2026-08-07,TWSE T86 official,official-only,,,0.0,0.0
1477,,,,,0,10,0,-520113,20000,-4608,2026-08-07,TWSE T86 official,official-only,,,0.0,0.0
1503,,,,,0,0,0,-277404,0,-6623,2026-08-07,TWSE T86 official,official-only,,,0.0,0.0
1504,,,,,0,0,1,-662008,-1000,27499,2026-08-07,TWSE T86 official,official-only,,,0.0,0.0
1506,,,,,0,0,1,-11000,0,1000,2026-08-07,TWSE T86 official,official-only,,,0.0,0.0
1512,,,,,1,0,0,2000,0,0,2026-08-07,TWSE T86 official,official-only,,,40.0,40.0
1513,,,,,0,0,0,-145021,0,-34076,2026-08-07,TWSE T86 official,official-only,,,0.0,0.0
1514,,,,,0,0,0,-244850,0,-229,2026-08-07,TWSE T86 official,official-only,,,0.0,0.0
1515,,,,,0,0,1,-54000,0,29000,2026-08-07,TWSE T86 official,official-only,,,0.0,0.0
1516,,,,,0,0,0,-13000,0,0,2026-08-07,TWSE T86 official,official-only,,,0.0,0.0
1517,,,,,1,0,1,92111,0,2000,2026-08-07,TWSE T86 official,official-only,,,40.0,40.0
1519,,,,,0,0,0,-246312,0,-7376,2026-08-07,TWSE T86 official,official-only,,,0.0,0.0
1521,,,,,1,0,0,2000,0,0,2026-08-07,TWSE T86 official,official-only,,,40.0,40.0
1522,,,,,0,0,1,-621644,0,4449,2026-08-07,TWSE T86 official,official-only,,,0.0,0.0
1524,,,,,0,0,0,-118093,0,0,2026-08-07,TWSE T86 official,official-only,,,0.0,0.0
1525,,,,,3,0,0,1000,0,0,2026-08-07,TWSE T86 official,official-only,,,40.0,40.0
1526,,,,,0,0,0,-166382,0,-1583,2026-08-07,TWSE T86 official,official-only,,,0.0,0.0
1527,,,,,3,0,0,101100,0,0,2026-08-07,TWSE T86 official,official-only,,,40.0,40.0
1528,,,,,0,0,0,-104000,0,-406,2026-08-07,TWSE T86 official,official-only,,,0.0,0.0
1529,,,,,0,0,0,-33379,0,0,2026-08-07,TWSE T86 official,official-only,,,0.0,0.0
1530,,,,,0,0,0,-7000,0,0,2026-08-07,TWSE T86 official,official-only,,,0.0,0.0
1531,,,,,0,0,0,-16000,0,0,2026-08-07,TWSE T86 official,official-only,,,0.0,0.0
1532,,,,,1,0,1,126000,0,59000,2026-08-07,TWSE T86 official,official-only,,,40.0,40.0
1533,,,,,0,0,0,-8000,0,-3000,2026-08-07,TWSE T86 official,official-only,,,0.0,0.0
1535,,,,,0,0,1,-8000,0,1000,2026-08-07,TWSE T86 official,official-only,,,0.0,0.0
1536,,,,,4,0,4,1013731,0,98161,2026-08-07,TWSE T86 official,official-only,,,40.2,40.2
1537,,,,,0,0,0,-8627,0,-7003,2026-08-07,TWSE T86 official,official-only,,,0.0,0.0
1538,,,,,0,0,0,-2000,0,0,2026-08-07,TWSE T86 official,official-only,,,0.0,0.0
1539,,,,,2,0,1,5000,0,18000,2026-08-07,TWSE T86 official,official-only,,,40.0,40.0
1540,,,,,0,0,1,-7000,0,8000,2026-08-07,TWSE T86 official,official-only,,,0.0,0.0
1541,,,,,1,0,0,1000,0,0,2026-08-07,TWSE T86 official,official-only,,,40.0,40.0
1558,,,,,1,0,0,42000,0,-2000,2026-08-07,TWSE T86 official,official-only,,,40.0,40.0
1560,,,,,0,1,0,-202509,15000,-32052,2026-08-07,TWSE T86 official,official-only,,,0.0,0.0
1563,,,,,0,0,0,-216418,0,-9101,2026-08-07,TWSE T86 official,official-only,,,0.0,0.0
1568,,,,,0,0,0,-77090,0,-1613,2026-08-07,TWSE T86 official,official-only,,,0.0,0.0
1582,,,,,0,0,3,-184983,0,3000,2026-08-07,TWSE T86 official,official-only,,,0.0,0.0
1583,,,,,0,0,0,-2000,0,0,2026-08-07,TWSE T86 official,official-only,,,0.0,0.0
1587,,,,,1,0,0,18000,0,-8,2026-08-07,TWSE T86 official,official-only,,,40.0,40.0
1590,,,,,4,3,0,68140,30000,-5890,2026-08-07,TWSE T86 official,official-only,,,40.0,40.0
1597,,,,,0,0,4,-896883,0,24381,2026-08-07,TWSE T86 official,official-only,,,0.0,0.0
1598,,,,,1,0,1,54030,0,47000,2026-08-07,TWSE T86 official,official-only,,,40.0,40.0
1603,,,,,1,0,0,37017,0,0,2026-08-07,TWSE T86 official,official-only,,,40.0,40.0
1604,,,,,1,0,0,80000,0,-37000,2026-08-07,TWSE T86 official,official-only,,,40.0,40.0
1605,,,,,0,0,1,-904458,0,235136,2026-08-07,TWSE T86 official,official-only,,,0.0,0.0
1608,,,,,5,0,2,2013439,-2000,45955,2026-08-07,TWSE T86 official,official-only,,,40.4,40.4
1609,,,,,1,0,0,126345,0,-88399,2026-08-07,TWSE T86 official,official-only,,,40.0,40.0
1611,,,,,0,0,1,-69867,0,5000,2026-08-07,TWSE T86 official,official-only,,,0.0,0.0
1612,,,,,0,0,1,-145410,-2000,7687,2026-08-07,TWSE T86 official,official-only,,,0.0,0.0
1614,,,,,0,0,2,-1000,0,1000,2026-08-07,TWSE T86 official,official-only,,,0.0,0.0
1615,,,,,0,0,0,-3430,0,-1000,2026-08-07,TWSE T86 official,official-only,,,0.0,0.0
1616,,,,,0,0,0,-44270,0,-475,2026-08-07,TWSE T86 official,official-only,,,0.0,0.0
1617,,,,,0,0,1,-98708,0,14949,2026-08-07,TWSE T86 official,official-only,,,0.0,0.0
1618,,,,,0,0,1,-63563,0,383,2026-08-07,TWSE T86 official,official-only,,,0.0,0.0
1623,,,,,0,0,0,-2000,0,0,2026-08-07,TWSE T86 official,official-only,,,0.0,0.0
1626,,,,,0,0,0,-8000,0,0,2026-08-07,TWSE T86 official,official-only,,,0.0,0.0
1702,,,,,1,0,1,79482,0,12000,2026-08-07,TWSE T86 official,official-only,,,40.0,40.0
1707,,,,,1,0,0,75180,0,-3000,2026-08-07,TWSE T86 official,official-only,,,40.0,40.0
1708,,,,,3,0,1,84960,0,3555,2026-08-07,TWSE T86 official,official-only,,,40.0,40.0
1709,,,,,1,0,1,678645,0,8958,2026-08-07,TWSE T86 official,official-only,,,40.1,40.1
1710,,,,,0,0,2,-413599,0,28461,2026-08-07,TWSE T86 official,official-only,,,0.0,0.0
1711,,,,,0,0,0,-180115,0,-7664,2026-08-07,TWSE T86 official,official-only,,,0.0,0.0
1712,,,,,1,0,3,63634,0,7000,2026-08-07,TWSE T86 official,official-only,,,40.0,40.0
1713,,,,,0,0,0,-105283,0,0,2026-08-07,TWSE T86 official,official-only,,,0.0,0.0
1714,,,,,0,0,2,-9750633,0,74356,2026-08-07,TWSE T86 official,official-only,,,0.0,0.0
1717,,,,,1,10,0,765893,250000,-21936,2026-08-07,TWSE T86 official,official-only,,,40.2,40.2
1718,,,,,0,0,1,-10013,0,521054,2026-08-07,TWSE T86 official,official-only,,,40.1,40.1
1720,,,,,2,0,1,137936,0,6000,2026-08-07,TWSE T86 official,official-only,,,40.0,40.0
1721,,,,,0,0,1,-169913,0,1000,2026-08-07,TWSE T86 official,official-only,,,0.0,0.0
1722,,,,,3,0,3,1121402,0,17670,2026-08-07,TWSE T86 official,official-only,,,40.2,40.2
1723,,,,,1,0,1,163741,0,9195,2026-08-07,TWSE T86 official,official-only,,,40.0,40.0
1725,,,,,0,0,0,-1000,0,0,2026-08-07,TWSE T86 official,official-only,,,0.0,0.0
1726,,,,,0,0,1,-3000,0,4000,2026-08-07,TWSE T86 official,official-only,,,0.0,0.0
1727,,,,,0,0,1,-177491,0,2702,2026-08-07,TWSE T86 official,official-only,,,0.0,0.0
1730,,,,,0,0,1,-5000,0,5000,2026-08-07,TWSE T86 official,official-only,,,0.0,0.0
1731,,,,,0,0,1,-31223,0,10000,2026-08-07,TWSE T86 official,official-only,,,0.0,0.0
1732,,,,,1,0,0,91247,0,-11000,2026-08-07,TWSE T86 official,official-only,,,40.0,40.0
1733,,,,,1,0,1,30935,0,1000,2026-08-07,TWSE T86 official,official-only,,,40.0,40.0
1734,,,,,1,0,0,29240,0,0,2026-08-07,TWSE T86 official,official-only,,,40.0,40.0
1735,,,,,0,0,1,-36258,0,32104,2026-08-07,TWSE T86 official,official-only,,,0.0,0.0
1736,,,,,0,0,0,-34357,0,-2891,2026-08-07,TWSE T86 official,official-only,,,0.0,0.0
1737,,,,,0,0,1,-59000,0,1000,2026-08-07,TWSE T86 official,official-only,,,0.0,0.0
1752,,,,,9,0,1,20000,0,7000,2026-08-07,TWSE T86 official,official-only,,,40.0,40.0
1760,,,,,1,0,0,56000,0,0,2026-08-07,TWSE T86 official,official-only,,,40.0,40.0
1762,,,,,4,0,0,175000,0,-4840,2026-08-07,TWSE T86 official,official-only,,,40.0,40.0
1773,,,,,0,0,0,-104275,-85000,-6855,2026-08-07,TWSE T86 official,official-only,,,0.0,0.0
1776,,,,,6,0,0,13000,0,0,2026-08-07,TWSE T86 official,official-only,,,40.0,40.0
1783,,,,,0,0,1,-4000,0,3000,2026-08-07,TWSE T86 official,official-only,,,0.0,0.0
1786,,,,,9,0,1,20000,0,1465,2026-08-07,TWSE T86 official,official-only,,,40.0,40.0
1789,,,,,1,0,1,384057,0,8665,2026-08-07,TWSE T86 official,official-only,,,40.1,40.1
1795,,,,,4,0,1,152923,0,17985,2026-08-07,TWSE T86 official,official-only,,,40.0,40.0
1802,,,,,0,0,2,-2942485,0,224386,2026-08-07,TWSE T86 official,official-only,,,0.0,0.0
1805,,,,,1,0,0,34000,0,0,2026-08-07,TWSE T86 official,official-only,,,40.0,40.0
1806,,,,,1,0,0,4000,0,0,2026-08-07,TWSE T86 official,official-only,,,40.0,40.0
1808,,,,,1,0,6,923931,0,175000,2026-08-07,TWSE T86 official,official-only,,,40.2,40.2
1809,,,,,0,0,1,-45000,0,211,2026-08-07,TWSE T86 official,official-only,,,0.0,0.0
1810,,,,,1,0,1,441378,0,4000,2026-08-07,TWSE T86 official,official-only,,,40.1,40.1
1817,,,,,1,0,0,2000,0,0,2026-08-07,TWSE T86 official,official-only,,,40.0,40.0
1903,,,,,1,0,0,40318,0,-118,2026-08-07,TWSE T86 official,official-only,,,40.0,40.0
1904,,,,,4,0,0,1209649,0,-39692,2026-08-07,TWSE T86 official,official-only,,,40.2,40.2
1905,,,,,0,0,1,-569251,0,14945,2026-08-07,TWSE T86 official,official-only,,,0.0,0.0
1906,,,,,0,0,2,-3000,0,10000,2026-08-07,TWSE T86 official,official-only,,,40.0,40.0
1907,,,,,9,0,0,440456,0,-58000,2026-08-07,TWSE T86 official,official-only,,,40.1,40.1
1909,,,,,2,0,1,814000,0,162000,2026-08-07,TWSE T86 official,official-only,,,40.2,40.2
2002,,,,,3,0,0,12050525,0,-182149,2026-08-07,TWSE T86 official,official-only,,,42.4,42.4
2006,,,,,2,0,0,2988350,-13000,-70778,2026-08-07,TWSE T86 official,official-only,,,40.6,40.6
2007,,,,,3,0,0,166000,0,0,2026-08-07,TWSE T86 official,official-only,,,40.0,40.0
2008,,,,,7,0,0,3000,0,0,2026-08-07,TWSE T86 official,official-only,,,40.0,40.0
2009,,,,,4,0,0,1695195,0,-13977,2026-08-07,TWSE T86 official,official-only,,,40.3,40.3
2010,,,,,3,0,2,3085110,0,75015,2026-08-07,TWSE T86 official,official-only,,,40.6,40.6
2012,,,,,0,0,1,-4000,0,3000,2026-08-07,TWSE T86 official,official-only,,,0.0,0.0
2013,,,,,1,0,0,61000,0,0,2026-08-07,TWSE T86 official,official-only,,,40.0,40.0
2014,,,,,8,0,0,5766000,0,-17000,2026-08-07,TWSE T86 official,official-only,,,41.2,41.2
2015,,,,,2,0,1,122321,0,10000,2026-08-07,TWSE T86 official,official-only,,,40.0,40.0
2017,,,,,3,0,1,71971,0,12000,2026-08-07,TWSE T86 official,official-only,,,40.0,40.0
2020,,,,,1,0,1,226000,0,4000,2026-08-07,TWSE T86 official,official-only,,,40.0,40.0
2022,,,,,1,0,3,298499,0,11000,2026-08-07,TWSE T86 official,official-only,,,40.1,40.1
2023,,,,,4,0,2,149449,0,7000,2026-08-07,TWSE T86 official,official-only,,,40.0,40.0
2024,,,,,0,0,0,-1000,0,0,2026-08-07,TWSE T86 official,official-only,,,0.0,0.0
2025,,,,,5,0,1,118644,0,7000,2026-08-07,TWSE T86 official,official-only,,,40.0,40.0
2027,,,,,4,1,0,1783441,4865000,-541193,2026-08-07,TWSE T86 official,official-only,,,41.1,41.1
2028,,,,,10,0,1,59000,0,2000,2026-08-07,TWSE T86 official,official-only,,,40.0,40.0
2029,,,,,2,0,0,153000,0,-4101,2026-08-07,TWSE T86 official,official-only,,,40.0,40.0
2030,,,,,4,0,0,802616,0,-15000,2026-08-07,TWSE T86 official,official-only,,,40.2,40.2
2031,,,,,2,0,2,4147307,-1000,116902,2026-08-07,TWSE T86 official,official-only,,,40.8,40.8
2032,,,,,3,0,0,111204,0,-13000,2026-08-07,TWSE T86 official,official-only,,,40.0,40.0
2033,,,,,2,0,0,156000,0,0,2026-08-07,TWSE T86 official,official-only,,,40.0,40.0
2034,,,,,3,0,1,2946492,0,65610,2026-08-07,TWSE T86 official,official-only,,,40.6,40.6
2038,,,,,1,0,1,152031,0,2000,2026-08-07,TWSE T86 official,official-only,,,40.0,40.0
2049,,,,,6,0,5,3854924,-1540000,247362,2026-08-07,TWSE T86 official,official-only,,,40.6,40.6
2059,,,,,0,0,2,-42651,-68000,36977,2026-08-07,TWSE T86 official,official-only,,,0.0,0.0
2062,,,,,0,0,1,-40353,0,24999,2026-08-07,TWSE T86 official,official-only,,,0.0,0.0
2069,,,,,2,0,0,31284,0,-33000,2026-08-07,TWSE T86 official,official-only,,,40.0,40.0
2072,,,,,1,0,3,153765,0,2000,2026-08-07,TWSE T86 official,official-only,,,40.0,40.0
2101,,,,,3,0,1,1721930,0,72914,2026-08-07,TWSE T86 official,official-only,,,40.4,40.4
2102,,,,,1,0,0,71020,0,0,2026-08-07,TWSE T86 official,official-only,,,40.0,40.0
2103,,,,,0,0,1,-170000,0,543995,2026-08-07,TWSE T86 official,official-only,,,40.0,40.0
2104,,,,,3,0,0,918053,0,-39845,2026-08-07,TWSE T86 official,official-only,,,40.2,40.2
2105,,,,,3,3,1,1487200,119000,22933,2026-08-07,TWSE T86 official,official-only,,,40.3,40.3
2106,,,,,0,0,1,-125000,0,7000,2026-08-07,TWSE T86 official,official-only,,,0.0,0.0
2107,,,,,0,0,0,-11719,0,-27000,2026-08-07,TWSE T86 official,official-only,,,0.0,0.0
2108,,,,,6,0,0,1322298,0,-4108,2026-08-07,TWSE T86 official,official-only,,,40.3,40.3
2109,,,,,0,0,0,-17000,0,-3000,2026-08-07,TWSE T86 official,official-only,,,0.0,0.0
2114,,,,,0,0,1,-1000,0,6000,2026-08-07,TWSE T86 official,official-only,,,40.0,40.0
2115,,,,,0,0,0,-10000,0,-6000,2026-08-07,TWSE T86 official,official-only,,,0.0,0.0
2201,,,,,0,0,1,-393106,0,18849,2026-08-07,TWSE T86 official,official-only,,,0.0,0.0
2204,,,,,1,0,1,1351000,-695000,8314,2026-08-07,TWSE T86 official,official-only,,,40.2,40.2
2206,,,,,2,0,1,184285,0,13000,2026-08-07,TWSE T86 official,official-only,,,40.0,40.0
2207,,,,,0,3,1,-1893,4000,8131,2026-08-07,TWSE T86 official,official-only,,,40.0,40.0
2208,,,,,0,0,1,-271970,0,1000,2026-08-07,TWSE T86 official,official-only,,,0.0,0.0
2211,,,,,4,0,0,477379,-2000,-5353,2026-08-07,TWSE T86 official,official-only,,,40.1,40.1
2227,,,,,0,0,0,-25,0,0,2026-08-07,TWSE T86 official,official-only,,,0.0,0.0
2228,,,,,1,0,0,6000,0,0,2026-08-07,TWSE T86 official,official-only,,,40.0,40.0
2231,,,,,0,0,2,-41941,0,23215,2026-08-07,TWSE T86 official,official-only,,,0.0,0.0
2233,,,,,0,0,1,-113030,0,19212,2026-08-07,TWSE T86 official,official-only,,,0.0,0.0
2236,,,,,0,0,0,-32900,0,0,2026-08-07,TWSE T86 official,official-only,,,0.0,0.0
2239,,,,,1,0,1,7000,0,555,2026-08-07,TWSE T86 official,official-only,,,40.0,40.0
2241,,,,,0,0,1,-346048,0,1345,2026-08-07,TWSE T86 official,official-only,,,0.0,0.0
2243,,,,,0,0,1,-80537,0,1000,2026-08-07,TWSE T86 official,official-only,,,0.0,0.0
2247,,,,,3,0,0,40000,0,0,2026-08-07,TWSE T86 official,official-only,,,40.0,40.0
2248,,,,,0,0,0,0,0,0,2026-08-07,TWSE T86 official,official-only,,,0.0,0.0
2250,,,,,1,0,0,11000,0,0,2026-08-07,TWSE T86 official,official-only,,,40.0,40.0
2254,,,,,1,0,0,2000,0,-2000,2026-08-07,TWSE T86 official,official-only,,,40.0,40.0
2258,,,,,0,0,1,-49000,0,3944,2026-08-07,TWSE T86 official,official-only,,,0.0,0.0
2301,,,,,1,3,2,2128749,20000,147811,2026-08-07,TWSE T86 official,official-only,,,40.4,40.4
2302,,,,,0,0,0,-77948,0,-1726,2026-08-07,TWSE T86 official,official-only,,,0.0,0.0
2303,,,,,0,0,0,-23200666,-6691000,-2838812,2026-08-07,TWSE T86 official,official-only,,,0.0,0.0
2305,,,,,0,0,1,-2442322,0,10000,2026-08-07,TWSE T86 official,official-only,,,0.0,0.0
2308,,,,,0,2,0,-1697088,243554,-158250,2026-08-07,TWSE T86 official,official-only,,,0.0,0.0
2312,,,,,0,1,0,-1504193,26000,-86648,2026-08-07,TWSE T86 official,official-only,,,0.0,0.0
2313,,,,,0,2,0,-7422076,409000,-1153759,2026-08-07,TWSE T86 official,official-only,,,0.0,0.0
2314,,,,,0,0,0,-10000,0,0,2026-08-07,TWSE T86 official,official-only,,,0.0,0.0
2316,,,,,0,0,0,-204498,0,-57371,2026-08-07,TWSE T86 official,official-only,,,0.0,0.0
2317,,,,,0,0,0,-5328129,-800000,-626408,2026-08-07,TWSE T86 official,official-only,,,0.0,0.0
2321,,,,,0,0,1,0,0,1,2026-08-07,TWSE T86 official,official-only,,,40.0,40.0
2323,,,,,2,1,3,118300,45000,78000,2026-08-07,TWSE T86 official,official-only,,,40.0,40.0
2324,,,,,0,0,0,-2764993,-13000,-303726,2026-08-07,TWSE T86 official,official-only,,,0.0,0.0
2327,,,,,0,0,2,-9347045,-1520000,141999,2026-08-07,TWSE T86 official,official-only,,,0.0,0.0
2328,,,,,0,1,0,-1779899,18000,-386657,2026-08-07,TWSE T86 official,official-only,,,0.0,0.0
2329,,,,,0,1,0,-177970,12000,-12329,2026-08-07,TWSE T86 official,official-only,,,0.0,0.0
2330,,,,,1,1,1,641660,61000,1242950,2026-08-07,TWSE T86 official,official-only,,,40.3,40.3
2331,,,,,5,0,1,387205,0,64080,2026-08-07,TWSE T86 official,official-only,,,40.1,40.1
2332,,,,,0,0,0,-724551,0,-32810,2026-08-07,TWSE T86 official,official-only,,,0.0,0.0
2337,,,,,0,0,0,-9459855,-861000,-228252,2026-08-07,TWSE T86 official,official-only,,,0.0,0.0
2338,,,,,0,0,0,-247983,0,-4844,2026-08-07,TWSE T86 official,official-only,,,0.0,0.0
2340,,,,,0,0,1,-431554,0,12261,2026-08-07,TWSE T86 official,official-only,,,0.0,0.0
2342,,,,,0,0,0,-146040,0,-680,2026-08-07,TWSE T86 official,official-only,,,0.0,0.0
2344,,,,,0,0,0,-43331455,-187000,-2746692,2026-08-07,TWSE T86 official,official-only,,,0.0,0.0
2345,,,,,0,0,0,-1238787,-3000,-36584,2026-08-07,TWSE T86 official,official-only,,,0.0,0.0
2347,,,,,0,2,1,-1420444,1111368,199912,2026-08-07,TWSE T86 official,official-only,,,0.0,0.0
2348,,,,,1,0,0,433597,0,-6850,2026-08-07,TWSE T86 official,official-only,,,40.1,40.1
2349,,,,,0,0,1,-4932,0,1000,2026-08-07,TWSE T86 official,official-only,,,0.0,0.0
2351,,,,,0,0,0,-279000,0,-138394,2026-08-07,TWSE T86 official,official-only,,,0.0,0.0
2352,,,,,0,1,0,-1686642,32000,-29877,2026-08-07,TWSE T86 official,official-only,,,0.0,0.0
2353,,,,,0,3,1,-2280782,122371,175636,2026-08-07,TWSE T86 official,official-only,,,0.0,0.0
2354,,,,,6,0,2,4273007,0,428368,2026-08-07,TWSE T86 official,official-only,,,40.9,40.9
2355,,,,,0,0,0,-310000,0,-20481,2026-08-07,TWSE T86 official,official-only,,,0.0,0.0
2356,,,,,2,0,0,1479463,-747000,-170606,2026-08-07,TWSE T86 official,official-only,,,40.2,40.2
2357,,,,,1,0,1,2466634,-1179000,42139,2026-08-07,TWSE T86 official,official-only,,,40.3,40.3
2359,,,,,0,0,1,-245108,0,15971,2026-08-07,TWSE T86 official,official-only,,,0.0,0.0
2360,,,,,3,1,0,144700,170000,-154927,2026-08-07,TWSE T86 official,official-only,,,40.0,40.0
2362,,,,,4,0,0,607035,0,-6674,2026-08-07,TWSE T86 official,official-only,,,40.1,40.1
2363,,,,,1,0,3,179401,-80000,829290,2026-08-07,TWSE T86 official,official-only,,,40.1,40.1
2364,,,,,2,0,0,61002,0,0,2026-08-07,TWSE T86 official,official-only,,,40.0,40.0
2365,,,,,2,0,1,139000,0,7000,2026-08-07,TWSE T86 official,official-only,,,40.0,40.0
2367,,,,,0,0,0,-829990,0,-94619,2026-08-07,TWSE T86 official,official-only,,,0.0,0.0
2368,,,,,0,1,2,-797876,535000,102318,2026-08-07,TWSE T86 official,official-only,,,0.0,0.0
2369,,,,,0,0,0,-30976,0,-55881,2026-08-07,TWSE T86 official,official-only,,,0.0,0.0
2371,,,,,7,0,0,1711103,0,-29623,2026-08-07,TWSE T86 official,official-only,,,40.3,40.3
2373,,,,,0,0,1,-4000,0,2000,2026-08-07,TWSE T86 official,official-only,,,0.0,0.0
2374,,,,,0,0,0,-177800,0,-57,2026-08-07,TWSE T86 official,official-only,,,0.0,0.0
2375,,,,,3,0,0,23610,0,-41267,2026-08-07,TWSE T86 official,official-only,,,0.0,0.0
2376,,,,,4,0,0,133758,-167000,-80515,2026-08-07,TWSE T86 official,official-only,,,0.0,0.0
2377,,,,,0,0,0,-552820,-3107,-163374,2026-08-07,TWSE T86 official,official-only,,,0.0,0.0
2379,,,,,1,10,1,213295,130807,30309,2026-08-07,TWSE T86 official,official-only,,,40.1,40.1
2380,,,,,2,0,0,1000,0,0,2026-08-07,TWSE T86 official,official-only,,,40.0,40.0
2382,,,,,0,1,0,-6303273,79332,-378570,2026-08-07,TWSE T86 official,official-only,,,0.0,0.0
2383,,,,,0,0,0,-39277,-9000,-1404,2026-08-07,TWSE T86 official,official-only,,,0.0,0.0
2385,,,,,0,0,0,-781521,-80107,-18572,2026-08-07,TWSE T86 official,official-only,,,0.0,0.0
2387,,,,,6,1,3,168028,2996,2812,2026-08-07,TWSE T86 official,official-only,,,40.0,40.0
2388,,,,,5,0,0,339161,-70000,-126919,2026-08-07,TWSE T86 official,official-only,,,40.0,40.0
2390,,,,,1,0,1,12327,0,51000,2026-08-07,TWSE T86 official,official-only,,,40.0,40.0
2392,,,,,5,0,3,67576,0,45662,2026-08-07,TWSE T86 official,official-only,,,40.0,40.0
2393,,,,,3,1,0,162395,804,-28344,2026-08-07,TWSE T86 official,official-only,,,40.0,40.0
2395,,,,,2,1,1,697544,2000,36836,2026-08-07,TWSE T86 official,official-only,,,40.1,40.1
2397,,,,,4,0,1,477319,0,1018,2026-08-07,TWSE T86 official,official-only,,,40.1,40.1
2399,,,,,0,0,0,-377896,0,-14974,2026-08-07,TWSE T86 official,official-only,,,0.0,0.0
2401,,,,,0,0,1,-106982,-40000,3275,2026-08-07,TWSE T86 official,official-only,,,0.0,0.0
2402,,,,,0,0,0,-24000,0,-19633,2026-08-07,TWSE T86 official,official-only,,,0.0,0.0
2404,,,,,4,0,0,16715,-2000,-53801,2026-08-07,TWSE T86 official,official-only,,,0.0,0.0
2405,,,,,5,0,0,273565,0,0,2026-08-07,TWSE T86 official,official-only,,,40.1,40.1
2406,,,,,0,0,1,-29850,0,4084,2026-08-07,TWSE T86 official,official-only,,,0.0,0.0
2408,,,,,4,0,2,2147570,-21000,365468,2026-08-07,TWSE T86 official,official-only,,,40.5,40.5
2409,,,,,1,0,2,13144500,-2000,4462247,2026-08-07,TWSE T86 official,official-only,,,43.2,43.2
2412,,,,,1,2,0,1407518,369876,-27000,2026-08-07,TWSE T86 official,official-only,,,40.3,40.3
2413,,,,,0,0,0,-255028,0,-917,2026-08-07,TWSE T86 official,official-only,,,0.0,0.0
2414,,,,,0,0,2,-102000,0,6000,2026-08-07,TWSE T86 official,official-only,,,0.0,0.0
2415,,,,,0,0,0,-20000,0,0,2026-08-07,TWSE T86 official,official-only,,,0.0,0.0
2417,,,,,0,0,0,-517892,0,0,2026-08-07,TWSE T86 official,official-only,,,0.0,0.0
2419,,,,,5,0,0,41000,0,-7000,2026-08-07,TWSE T86 official,official-only,,,40.0,40.0
2420,,,,,0,1,1,-106890,8000,22834,2026-08-07,TWSE T86 official,official-only,,,0.0,0.0
2421,,,,,5,0,0,1532877,-61000,-57302,2026-08-07,TWSE T86 official,official-only,,,40.3,40.3
2423,,,,,7,0,1,26000,0,1000,2026-08-07,TWSE T86 official,official-only,,,40.0,40.0
2424,,,,,5,0,0,5000,0,0,2026-08-07,TWSE T86 official,official-only,,,40.0,40.0
2425,,,,,0,0,1,-453862,0,33149,2026-08-07,TWSE T86 official,official-only,,,0.0,0.0
2426,,,,,1,0,2,775847,0,3996,2026-08-07,TWSE T86 official,official-only,,,40.2,40.2
2427,,,,,0,0,1,-155000,0,10000,2026-08-07,TWSE T86 official,official-only,,,0.0,0.0
2428,,,,,0,0,0,-148974,0,-3129,2026-08-07,TWSE T86 official,official-only,,,0.0,0.0
2429,,,,,0,0,0,-43000,0,0,2026-08-07,TWSE T86 official,official-only,,,0.0,0.0
2430,,,,,3,0,1,55000,0,1000,2026-08-07,TWSE T86 official,official-only,,,40.0,40.0
2431,,,,,0,0,1,-6000,0,982,2026-08-07,TWSE T86 official,official-only,,,0.0,0.0
2432,,,,,0,0,2,-14000,0,3000,2026-08-07,TWSE T86 official,official-only,,,0.0,0.0
2433,,,,,1,0,0,8000,0,-3000,2026-08-07,TWSE T86 official,official-only,,,40.0,40.0
2434,,,,,0,0,0,-76000,0,-1000,2026-08-07,TWSE T86 official,official-only,,,0.0,0.0
2436,,,,,1,0,0,1490536,-25000,-31530,2026-08-07,TWSE T86 official,official-only,,,40.3,40.3
2438,,,,,0,0,0,-11000,0,-1000,2026-08-07,TWSE T86 official,official-only,,,0.0,0.0
2439,,,,,0,1,0,-414241,1374,-14018,2026-08-07,TWSE T86 official,official-only,,,0.0,0.0
2440,,,,,1,0,1,31922,0,6000,2026-08-07,TWSE T86 official,official-only,,,40.0,40.0
2441,,,,,0,3,0,-841019,140000,-55015,2026-08-07,TWSE T86 official,official-only,,,0.0,0.0
2442,,,,,1,0,2,872000,0,91000,2026-08-07,TWSE T86 official,official-only,,,40.2,40.2
2444,,,,,1,0,0,3000,0,0,2026-08-07,TWSE T86 official,official-only,,,40.0,40.0
2449,,,,,0,1,2,-3166540,7000,3287,2026-08-07,TWSE T86 official,official-only,,,0.0,0.0
2450,,,,,0,0,0,-6000,0,-3000,2026-08-07,TWSE T86 official,official-only,,,0.0,0.0
2451,,,,,2,0,0,3001646,-4000,-80637,2026-08-07,TWSE T86 official,official-only,,,40.6,40.6
2453,,,,,1,0,1,26000,0,12000,2026-08-07,TWSE T86 official,official-only,,,40.0,40.0
2454,,,,,1,0,0,71648,-128000,-16329,2026-08-07,TWSE T86 official,official-only,,,0.0,0.0
2455,,,,,0,2,1,-1947821,4000,65925,2026-08-07,TWSE T86 official,official-only,,,0.0,0.0
2457,,,,,0,0,1,-213337,0,11226,2026-08-07,TWSE T86 official,official-only,,,0.0,0.0
2458,,,,,0,0,0,-2004340,-554227,-49664,2026-08-07,TWSE T86 official,official-only,,,0.0,0.0
2459,,,,,1,0,2,34000,0,16000,2026-08-07,TWSE T86 official,official-only,,,40.0,40.0
2460,,,,,0,0,0,-4000,0,0,2026-08-07,TWSE T86 official,official-only,,,0.0,0.0
2461,,,,,1,0,0,252590,0,-7000,2026-08-07,TWSE T86 official,official-only,,,40.0,40.0
2462,,,,,0,0,2,-10000,0,16,2026-08-07,TWSE T86 official,official-only,,,0.0,0.0
2464,,,,,0,0,1,-463183,0,26621,2026-08-07,TWSE T86 official,official-only,,,0.0,0.0
2465,,,,,5,0,1,138624,0,1000,2026-08-07,TWSE T86 official,official-only,,,40.0,40.0
2466,,,,,0,0,1,-233641,0,2000,2026-08-07,TWSE T86 official,official-only,,,0.0,0.0
2467,,,,,0,0,0,-108371,0,-4529,2026-08-07,TWSE T86 official,official-only,,,0.0,0.0
2468,,,,,0,0,1,-26000,0,10000,2026-08-07,TWSE T86 official,official-only,,,0.0,0.0
2471,,,,,1,0,0,23042,0,0,2026-08-07,TWSE T86 official,official-only,,,40.0,40.0
2472,,,,,0,0,0,-142464,-2000,-23436,2026-08-07,TWSE T86 official,official-only,,,0.0,0.0
2474,,,,,0,2,2,-3467,31567,115749,2026-08-07,TWSE T86 official,official-only,,,40.0,40.0
2476,,,,,0,0,0,-161863,0,-47302,2026-08-07,TWSE T86 official,official-only,,,0.0,0.0
2477,,,,,9,0,1,116000,0,2000,2026-08-07,TWSE T86 official,official-only,,,40.0,40.0
2478,,,,,0,0,1,-417822,0,897,2026-08-07,TWSE T86 official,official-only,,,0.0,0.0
2480,,,,,3,0,0,189261,-217,-5000,2026-08-07,TWSE T86 official,official-only,,,40.0,40.0
2481,,,,,0,0,0,-1845196,0,-117892,2026-08-07,TWSE T86 official,official-only,,,0.0,0.0
2482,,,,,0,0,0,-980,0,-812,2026-08-07,TWSE T86 official,official-only,,,0.0,0.0
2483,,,,,0,0,1,-358000,0,5000,2026-08-07,TWSE T86 official,official-only,,,0.0,0.0
2484,,,,,0,0,0,-1500716,0,-30725,2026-08-07,TWSE T86 official,official-only,,,0.0,0.0
2485,,,,,0,0,0,-635905,0,-34984,2026-08-07,TWSE T86 official,official-only,,,0.0,0.0
2486,,,,,0,0,0,-388887,0,-10144,2026-08-07,TWSE T86 official,official-only,,,0.0,0.0
2488,,,,,1,0,2,20000,0,13000,2026-08-07,TWSE T86 official,official-only,,,40.0,40.0
2489,,,,,0,1,3,-1154835,15000,30549,2026-08-07,TWSE T86 official,official-only,,,0.0,0.0
2491,,,,,0,0,0,-359000,0,-4113,2026-08-07,TWSE T86 official,official-only,,,0.0,0.0
2492,,,,,0,0,2,-960566,-45000,19703,2026-08-07,TWSE T86 official,official-only,,,0.0,0.0
2493,,,,,0,1,5,-34911,5000,25895,2026-08-07,TWSE T86 official,official-only,,,0.0,0.0
2495,,,,,0,1,1,-854000,15000,6677,2026-08-07,TWSE T86 official,official-only,,,0.0,0.0
2496,,,,,0,0,0,-3000,0,0,2026-08-07,TWSE T86 official,official-only,,,0.0,0.0
2497,,,,,0,0,0,-155581,0,-46076,2026-08-07,TWSE T86 official,official-only,,,0.0,0.0
2498,,,,,0,0,1,-696776,0,23628,2026-08-07,TWSE T86 official,official-only,,,0.0,0.0
2501,,,,,0,0,1,-116000,0,4712,2026-08-07,TWSE T86 official,official-only,,,0.0,0.0
2504,,,,,2,0,1,2493149,0,69829,2026-08-07,TWSE T86 official,official-only,,,40.5,40.5
2505,,,,,1,0,1,139160,0,7000,2026-08-07,TWSE T86 official,official-only,,,40.0,40.0
2506,,,,,1,0,0,15000,0,0,2026-08-07,TWSE T86 official,official-only,,,40.0,40.0
2509,,,,,1,0,0,1000,0,0,2026-08-07,TWSE T86 official,official-only,,,40.0,40.0
2511,,,,,0,0,1,-92200,0,11000,2026-08-07,TWSE T86 official,official-only,,,0.0,0.0
2514,,,,,1,0,2,32000,0,2851,2026-08-07,TWSE T86 official,official-only,,,40.0,40.0
2515,,,,,1,0,2,1758701,0,54000,2026-08-07,TWSE T86 official,official-only,,,40.4,40.4
2516,,,,,1,0,0,19000,0,0,2026-08-07,TWSE T86 official,official-only,,,40.0,40.0
2520,,,,,1,0,1,296113,0,43930,2026-08-07,TWSE T86 official,official-only,,,40.1,40.1
2524,,,,,1,0,0,16000,0,0,2026-08-07,TWSE T86 official,official-only,,,40.0,40.0
2527,,,,,2,0,0,150160,0,-74,2026-08-07,TWSE T86 official,official-only,,,40.0,40.0
2528,,,,,7,0,0,147000,0,-41000,2026-08-07,TWSE T86 official,official-only,,,40.0,40.0
2530,,,,,1,0,2,196000,0,5000,2026-08-07,TWSE T86 official,official-only,,,40.0,40.0
2534,,,,,10,0,0,93000,0,-25000,2026-08-07,TWSE T86 official,official-only,,,40.0,40.0
2535,,,,,0,0,1,-212000,0,1000,2026-08-07,TWSE T86 official,official-only,,,0.0,0.0
2536,,,,,1,0,1,471000,0,63068,2026-08-07,TWSE T86 official,official-only,,,40.1,40.1
2537,,,,,1,0,1,417000,0,58066,2026-08-07,TWSE T86 official,official-only,,,40.1,40.1
2538,,,,,0,0,1,-8000,0,1000,2026-08-07,TWSE T86 official,official-only,,,0.0,0.0
2539,,,,,1,0,0,306000,0,-24000,2026-08-07,TWSE T86 official,official-only,,,40.1,40.1
2540,,,,,0,0,1,-356000,0,17000,2026-08-07,TWSE T86 official,official-only,,,0.0,0.0
2542,,,,,1,3,1,119000,509000,47709,2026-08-07,TWSE T86 official,official-only,,,40.1,40.1
2543,,,,,6,0,1,408650,0,1374,2026-08-07,TWSE T86 official,official-only,,,40.1,40.1
2545,,,,,1,0,0,94177,0,-14,2026-08-07,TWSE T86 official,official-only,,,40.0,40.0
2546,,,,,0,0,2,-149001,0,406,2026-08-07,TWSE T86 official,official-only,,,0.0,0.0
2547,,,,,3,0,3,2504457,0,66000,2026-08-07,TWSE T86 official,official-only,,,40.5,40.5
2548,,,,,0,0,1,-1151199,-35000,24363,2026-08-07,TWSE T86 official,official-only,,,0.0,0.0
2597,,,,,3,0,1,69937,0,3629,2026-08-07,TWSE T86 official,official-only,,,40.0,40.0
2601,,,,,0,0,0,-206572,0,0,2026-08-07,TWSE T86 official,official-only,,,0.0,0.0
2603,,,,,2,1,0,2472468,1183000,-71406,2026-08-07,TWSE T86 official,official-only,,,40.7,40.7
2605,,,,,1,0,1,813453,0,245280,2026-08-07,TWSE T86 official,official-only,,,40.2,40.2
2606,,,,,6,0,3,5583726,-14000,291258,2026-08-07,TWSE T86 official,official-only,,,41.1,41.1
2607,,,,,1,0,2,83000,0,4000,2026-08-07,TWSE T86 official,official-only,,,40.0,40.0
2608,,,,,0,0,2,-17830,0,6000,2026-08-07,TWSE T86 official,official-only,,,0.0,0.0
2609,,,,,1,3,1,168703,55000,53374,2026-08-07,TWSE T86 official,official-only,,,40.0,40.0
2610,,,,,1,1,1,6171434,6997000,237000,2026-08-07,TWSE T86 official,official-only,,,42.4,42.4
2611,,,,,1,0,0,175000,0,-2000,2026-08-07,TWSE T86 official,official-only,,,40.0,40.0
2612,,,,,1,0,0,222000,0,-1000,2026-08-07,TWSE T86 official,official-only,,,40.0,40.0
2613,,,,,1,0,0,24000,0,0,2026-08-07,TWSE T86 official,official-only,,,40.0,40.0
2614,,,,,1,0,0,179774,0,0,2026-08-07,TWSE T86 official,official-only,,,40.0,40.0
2615,,,,,1,0,1,801228,0,121845,2026-08-07,TWSE T86 official,official-only,,,40.2,40.2
2616,,,,,1,0,1,46000,0,576,2026-08-07,TWSE T86 official,official-only,,,40.0,40.0
2617,,,,,0,0,2,-407000,0,2936,2026-08-07,TWSE T86 official,official-only,,,0.0,0.0
2618,,,,,10,1,1,22000373,127000,496096,2026-08-07,TWSE T86 official,official-only,,,44.5,44.5
2630,,,,,1,0,0,8010,0,-55015,2026-08-07,TWSE T86 official,official-only,,,0.0,0.0
2633,,,,,0,3,0,-160293,487000,-142247,2026-08-07,TWSE T86 official,official-only,,,40.0,40.0
2634,,,,,0,0,1,-29145,-2000,37970,2026-08-07,TWSE T86 official,official-only,,,0.0,0.0
2636,,,,,1,0,3,99008,0,3000,2026-08-07,TWSE T86 official,official-only,,,40.0,40.0
2637,,,,,1,0,1,2268589,-82000,40650,2026-08-07,TWSE T86 official,official-only,,,40.4,40.4
2642,,,,,0,0,0,-5000,0,0,2026-08-07,TWSE T86 official,official-only,,,0.0,0.0
2645,,,,,1,0,0,42141,-145000,-2652,2026-08-07,TWSE T86 official,official-only,,,0.0,0.0
2646,,,,,1,0,1,804100,0,9472,2026-08-07,TWSE T86 official,official-only,,,40.2,40.2
2701,,,,,0,0,1,-6000,0,9000,2026-08-07,TWSE T86 official,official-only,,,0.0,0.0
2702,,,,,1,0,1,4000,0,10000,2026-08-07,TWSE T86 official,official-only,,,40.0,40.0
2704,,,,,0,0,0,-11000,0,0,2026-08-07,TWSE T86 official,official-only,,,0.0,0.0
2705,,,,,1,0,1,10001,0,10000,2026-08-07,TWSE T86 official,official-only,,,40.0,40.0
2706,,,,,0,0,0,-12000,0,0,2026-08-07,TWSE T86 official,official-only,,,0.0,0.0
2707,,,,,1,0,2,66190,0,11000,2026-08-07,TWSE T86 official,official-only,,,40.0,40.0
2712,,,,,8,0,0,7000,0,-1000,2026-08-07,TWSE T86 official,official-only,,,40.0,40.0
2722,,,,,0,0,1,-3000,0,3000,2026-08-07,TWSE T86 official,official-only,,,0.0,0.0
2723,,,,,1,0,1,54000,0,2850,2026-08-07,TWSE T86 official,official-only,,,40.0,40.0
2727,,,,,2,0,1,1143089,0,15403,2026-08-07,TWSE T86 official,official-only,,,40.2,40.2
2731,,,,,0,0,0,-144000,0,-5156,2026-08-07,TWSE T86 official,official-only,,,0.0,0.0
2739,,,,,1,0,0,13000,0,0,2026-08-07,TWSE T86 official,official-only,,,40.0,40.0
2748,,,,,1,0,1,3000,0,2000,2026-08-07,TWSE T86 official,official-only,,,40.0,40.0
2753,,,,,1,0,2,125134,-1000,2000,2026-08-07,TWSE T86 official,official-only,,,40.0,40.0
2762,,,,,0,0,0,-1000,0,0,2026-08-07,TWSE T86 official,official-only,,,0.0,0.0
2801,,,,,0,0,1,-2165314,-332000,29814,2026-08-07,TWSE T86 official,official-only,,,0.0,0.0
2812,,,,,1,0,1,865075,0,92000,2026-08-07,TWSE T86 official,official-only,,,40.2,40.2
2816,,,,,1,0,2,23000,0,36000,2026-08-07,TWSE T86 official,official-only,,,40.0,40.0
2820,,,,,1,0,2,203000,0,178000,2026-08-07,TWSE T86 official,official-only,,,40.1,40.1
2832,,,,,2,0,1,50000,0,11000,2026-08-07,TWSE T86 official,official-only,,,40.0,40.0
2834,,,,,0,0,0,-10896660,0,-41379,2026-08-07,TWSE T86 official,official-only,,,0.0,0.0
2836,,,,,0,0,2,-233000,0,110000,2026-08-07,TWSE T86 official,official-only,,,0.0,0.0
2838,,,,,1,0,0,382920,0,-30608,2026-08-07,TWSE T86 official,official-only,,,40.1,40.1
2845,,,,,1,0,1,1301347,0,51000,2026-08-07,TWSE T86 official,official-only,,,40.3,40.3
2849,,,,,1,0,2,62000,0,2000,2026-08-07,TWSE T86 official,official-only,,,40.0,40.0
2850,,,,,1,0,0,158191,0,-4001,2026-08-07,TWSE T86 official,official-only,,,40.0,40.0
2851,,,,,1,0,1,217020,0,28378,2026-08-07,TWSE T86 official,official-only,,,40.0,40.0
2852,,,,,1,0,1,179000,0,44000,2026-08-07,TWSE T86 official,official-only,,,40.0,40.0
2855,,,,,0,2,0,-1585476,579000,0,2026-08-07,TWSE T86 official,official-only,,,0.0,0.0
2867,,,,,10,0,1,6380713,0,361000,2026-08-07,TWSE T86 official,official-only,,,41.3,41.3
2880,,,,,0,10,1,-10745773,6911000,40790,2026-08-07,TWSE T86 official,official-only,,,0.0,0.0
2881,,,,,1,0,1,3370012,-140000,15799,2026-08-07,TWSE T86 official,official-only,,,40.7,40.7
2882,,,,,1,0,1,4316898,-2000,60866,2026-08-07,TWSE T86 official,official-only,,,40.9,40.9
2883,,,,,0,2,1,-3621640,3985000,151432,2026-08-07,TWSE T86 official,official-only,,,0.0,0.0
2884,,,,,1,2,0,267117,1166000,-59213,2026-08-07,TWSE T86 official,official-only,,,40.2,40.2
2885,,,,,1,1,0,2635069,351000,-25364,2026-08-07,TWSE T86 official,official-only,,,40.6,40.6
2886,,,,,0,10,10,-9246612,2849000,576133,2026-08-07,TWSE T86 official,official-only,,,0.0,0.0
2887,,,,,1,1,2,14196618,55000,232392,2026-08-07,TWSE T86 official,official-only,,,42.9,42.9
2889,,,,,1,0,3,474000,0,74022,2026-08-07,TWSE T86 official,official-only,,,40.1,40.1
2890,,,,,1,1,1,2427705,33000,15985,2026-08-07,TWSE T86 official,official-only,,,40.5,40.5
2891,,,,,6,0,1,6209635,-181000,93719,2026-08-07,TWSE T86 official,official-only,,,41.2,41.2
2892,,,,,0,10,0,-12690979,1291000,-270062,2026-08-07,TWSE T86 official,official-only,,,0.0,0.0
2897,,,,,1,0,1,1209000,0,5000,2026-08-07,TWSE T86 official,official-only,,,40.2,40.2
2901,,,,,1,0,0,3000,0,0,2026-08-07,TWSE T86 official,official-only,,,40.0,40.0
2903,,,,,1,0,1,435365,0,132000,2026-08-07,TWSE T86 official,official-only,,,40.1,40.1
2904,,,,,0,0,0,0,0,0,2026-08-07,TWSE T86 official,official-only,,,0.0,0.0
2905,,,,,2,0,2,256000,0,3000,2026-08-07,TWSE T86 official,official-only,,,40.1,40.1
2906,,,,,1,0,0,38000,0,-2000,2026-08-07,TWSE T86 official,official-only,,,40.0,40.0
2908,,,,,0,0,0,-29000,0,0,2026-08-07,TWSE T86 official,official-only,,,0.0,0.0
2910,,,,,2,0,1,7000,0,1000,2026-08-07,TWSE T86 official,official-only,,,40.0,40.0
2911,,,,,1,0,0,5000,0,0,2026-08-07,TWSE T86 official,official-only,,,40.0,40.0
2912,,,,,3,0,1,889964,-352000,5824,2026-08-07,TWSE T86 official,official-only,,,40.1,40.1
2913,,,,,3,0,1,1222000,0,50000,2026-08-07,TWSE T86 official,official-only,,,40.3,40.3
2915,,,,,1,0,0,629793,0,-2924,2026-08-07,TWSE T86 official,official-only,,,40.1,40.1
2923,,,,,1,0,0,6951,0,-8000,2026-08-07,TWSE T86 official,official-only,,,40.0,40.0
2929,,,,,1,0,1,14000,0,7000,2026-08-07,TWSE T86 official,official-only,,,40.0,40.0
2939,,,,,0,0,0,-2000,0,-1000,2026-08-07,TWSE T86 official,official-only,,,0.0,0.0
2945,,,,,0,0,0,-2000,0,0,2026-08-07,TWSE T86 official,official-only,,,0.0,0.0
3002,,,,,0,0,0,-30000,0,-325,2026-08-07,TWSE T86 official,official-only,,,0.0,0.0
3003,,,,,5,0,1,210000,0,5286,2026-08-07,TWSE T86 official,official-only,,,40.0,40.0
3004,,,,,3,0,0,47463,0,-1078,2026-08-07,TWSE T86 official,official-only,,,40.0,40.0
3005,,,,,1,0,0,395553,-10820,-31052,2026-08-07,TWSE T86 official,official-only,,,40.1,40.1
3006,,,,,4,1,5,1792250,15000,21835,2026-08-07,TWSE T86 official,official-only,,,40.4,40.4
3008,,,,,0,10,1,-219802,33000,15566,2026-08-07,TWSE T86 official,official-only,,,0.0,0.0
3010,,,,,0,1,1,-287000,943,20470,2026-08-07,TWSE T86 official,official-only,,,0.0,0.0
3011,,,,,0,0,0,-207000,0,-1000,2026-08-07,TWSE T86 official,official-only,,,0.0,0.0
3013,,,,,0,0,0,-227639,0,-5326,2026-08-07,TWSE T86 official,official-only,,,0.0,0.0
3014,,,,,0,0,1,-2247300,-14113,27087,2026-08-07,TWSE T86 official,official-only,,,0.0,0.0
3015,,,,,0,1,1,-291009,11018,2976,2026-08-07,TWSE T86 official,official-only,,,0.0,0.0
3016,,,,,0,0,3,-905783,0,16706,2026-08-07,TWSE T86 official,official-only,,,0.0,0.0
3017,,,,,0,6,0,-239960,527200,-43735,2026-08-07,TWSE T86 official,official-only,,,40.0,40.0
3018,,,,,0,0,0,-4000,0,0,2026-08-07,TWSE T86 official,official-only,,,0.0,0.0
3019,,,,,1,0,0,36814,0,-99419,2026-08-07,TWSE T86 official,official-only,,,0.0,0.0
3021,,,,,0,0,1,-12000,0,5000,2026-08-07,TWSE T86 official,official-only,,,0.0,0.0
3022,,,,,1,2,5,1184557,1432,124242,2026-08-07,TWSE T86 official,official-only,,,40.3,40.3
3023,,,,,0,9,2,-790000,300000,19843,2026-08-07,TWSE T86 official,official-only,,,0.0,0.0
3024,,,,,0,0,0,-49102,0,0,2026-08-07,TWSE T86 official,official-only,,,0.0,0.0
3025,,,,,0,0,0,-106000,0,-253,2026-08-07,TWSE T86 official,official-only,,,0.0,0.0
3026,,,,,0,0,1,-87005,-145000,111703,2026-08-07,TWSE T86 official,official-only,,,0.0,0.0
3027,,,,,7,0,1,65000,0,2000,2026-08-07,TWSE T86 official,official-only,,,40.0,40.0
3028,,,,,0,1,0,-2169000,1600,-96127,2026-08-07,TWSE T86 official,official-only,,,0.0,0.0
3029,,,,,3,0,0,261289,-820,-1519,2026-08-07,TWSE T86 official,official-only,,,40.1,40.1
3030,,,,,0,0,0,-243900,0,-9474,2026-08-07,TWSE T86 official,official-only,,,0.0,0.0
3031,,,,,0,0,1,-6654,0,2000,2026-08-07,TWSE T86 official,official-only,,,0.0,0.0
3032,,,,,0,0,0,-161091,0,-7055,2026-08-07,TWSE T86 official,official-only,,,0.0,0.0
3033,,,,,0,1,0,-1073000,1442,-74761,2026-08-07,TWSE T86 official,official-only,,,0.0,0.0
3034,,,,,10,0,0,370833,-16000,-27995,2026-08-07,TWSE T86 official,official-only,,,40.1,40.1
3035,,,,,4,0,0,505515,-10000,-60626,2026-08-07,TWSE T86 official,official-only,,,40.1,40.1
3036,,,,,0,1,0,-8652782,1159000,-186764,2026-08-07,TWSE T86 official,official-only,,,0.0,0.0
3037,,,,,0,8,0,-790555,74000,-47709,2026-08-07,TWSE T86 official,official-only,,,0.0,0.0
3038,,,,,0,0,1,-24000,0,2000,2026-08-07,TWSE T86 official,official-only,,,0.0,0.0
3040,,,,,0,0,0,-20000,0,0,2026-08-07,TWSE T86 official,official-only,,,0.0,0.0
3041,,,,,1,0,0,41610,0,0,2026-08-07,TWSE T86 official,official-only,,,40.0,40.0
3042,,,,,0,0,0,-1020862,-5000,-431409,2026-08-07,TWSE T86 official,official-only,,,0.0,0.0
3043,,,,,1,0,1,2000,0,1000,2026-08-07,TWSE T86 official,official-only,,,40.0,40.0
3044,,,,,0,10,1,-329076,161000,29451,2026-08-07,TWSE T86 official,official-only,,,0.0,0.0
3045,,,,,1,2,2,1724407,105063,8989,2026-08-07,TWSE T86 official,official-only,,,40.4,40.4
3046,,,,,1,0,1,308839,0,900,2026-08-07,TWSE T86 official,official-only,,,40.1,40.1
3047,,,,,0,0,1,-15000,0,204,2026-08-07,TWSE T86 official,official-only,,,0.0,0.0
3048,,,,,0,0,5,-1638000,0,28463,2026-08-07,TWSE T86 official,official-only,,,0.0,0.0
3049,,,,,1,0,1,97083,0,1000,2026-08-07,TWSE T86 official,official-only,,,40.0,40.0
3050,,,,,1,0,1,43000,0,2000,2026-08-07,TWSE T86 official,official-only,,,40.0,40.0
3051,,,,,1,0,1,30000,0,7000,2026-08-07,TWSE T86 official,official-only,,,40.0,40.0
3052,,,,,0,0,0,-21000,0,0,2026-08-07,TWSE T86 official,official-only,,,0.0,0.0
3054,,,,,0,0,0,-11000,0,-4000,2026-08-07,TWSE T86 official,official-only,,,0.0,0.0
3055,,,,,0,0,0,-88000,0,-1000,2026-08-07,TWSE T86 official,official-only,,,0.0,0.0
3056,,,,,7,0,1,315820,0,1000,2026-08-07,TWSE T86 official,official-only,,,40.1,40.1
3057,,,,,0,0,0,-40000,0,0,2026-08-07,TWSE T86 official,official-only,,,0.0,0.0
3058,,,,,1,0,1,63000,0,2000,2026-08-07,TWSE T86 official,official-only,,,40.0,40.0
3059,,,,,1,0,0,15000,0,-5241,2026-08-07,TWSE T86 official,official-only,,,40.0,40.0
3060,,,,,1,0,1,1608,0,913,2026-08-07,TWSE T86 official,official-only,,,40.0,40.0
3062,,,,,1,0,3,54000,0,1242,2026-08-07,TWSE T86 official,official-only,,,40.0,40.0
3090,,,,,0,0,0,-2102426,0,-51137,2026-08-07,TWSE T86 official,official-only,,,0.0,0.0
3092,,,,,0,0,1,-8000,0,900,2026-08-07,TWSE T86 official,official-only,,,0.0,0.0
3094,,,,,1,0,1,33050,0,1000,2026-08-07,TWSE T86 official,official-only,,,40.0,40.0
3130,,,,,0,0,0,-16000,0,-4000,2026-08-07,TWSE T86 official,official-only,,,0.0,0.0
3135,,,,,0,0,0,-433099,0,-8068,2026-08-07,TWSE T86 official,official-only,,,0.0,0.0
3138,,,,,0,0,0,-5675,0,-1363,2026-08-07,TWSE T86 official,official-only,,,0.0,0.0
3149,,,,,0,0,1,-647840,0,79,2026-08-07,TWSE T86 official,official-only,,,0.0,0.0
3150,,,,,0,0,0,-1000,0,-6054,2026-08-07,TWSE T86 official,official-only,,,0.0,0.0
3164,,,,,1,0,0,5000,0,0,2026-08-07,TWSE T86 official,official-only,,,40.0,40.0
3167,,,,,2,0,0,65672,0,-30324,2026-08-07,TWSE T86 official,official-only,,,40.0,40.0
3168,,,,,0,0,0,0,0,0,2026-08-07,TWSE T86 official,official-only,,,0.0,0.0
3189,,,,,0,0,0,-1660821,-142000,-198742,2026-08-07,TWSE T86 official,official-only,,,0.0,0.0
3209,,,,,0,0,3,-252563,0,5982,2026-08-07,TWSE T86 official,official-only,,,0.0,0.0
3229,,,,,1,0,2,168000,0,3000,2026-08-07,TWSE T86 official,official-only,,,40.0,40.0
3231,,,,,1,0,1,17158210,-10276000,861453,2026-08-07,TWSE T86 official,official-only,,,41.9,41.9
3257,,,,,0,0,1,-61110,0,1000,2026-08-07,TWSE T86 official,official-only,,,0.0,0.0
3266,,,,,1,0,3,6000,0,1000,2026-08-07,TWSE T86 official,official-only,,,40.0,40.0
3296,,,,,0,0,1,-1000,0,1000,2026-08-07,TWSE T86 official,official-only,,,0.0,0.0
3305,,,,,0,0,6,-261738,0,22015,2026-08-07,TWSE T86 official,official-only,,,0.0,0.0
3308,,,,,0,0,0,0,0,-1107,2026-08-07,TWSE T86 official,official-only,,,0.0,0.0
3311,,,,,1,0,0,11000,0,0,2026-08-07,TWSE T86 official,official-only,,,40.0,40.0
3312,,,,,0,0,1,-162025,0,9320,2026-08-07,TWSE T86 official,official-only,,,0.0,0.0
3321,,,,,0,0,0,-128000,0,-2320,2026-08-07,TWSE T86 official,official-only,,,0.0,0.0
3338,,,,,0,0,2,-117030,0,2000,2026-08-07,TWSE T86 official,official-only,,,0.0,0.0
3346,,,,,4,0,0,14000,0,0,2026-08-07,TWSE T86 official,official-only,,,40.0,40.0
3356,,,,,0,0,2,-6000,0,11722,2026-08-07,TWSE T86 official,official-only,,,40.0,40.0
3376,,,,,5,0,0,130684,0,-38633,2026-08-07,TWSE T86 official,official-only,,,40.0,40.0
3380,,,,,0,0,0,-328913,0,-4851,2026-08-07,TWSE T86 official,official-only,,,0.0,0.0
3406,,,,,4,0,0,14669,-2000,-140549,2026-08-07,TWSE T86 official,official-only,,,0.0,0.0
3413,,,,,0,0,0,-386583,-15000,-80671,2026-08-07,TWSE T86 official,official-only,,,0.0,0.0
3416,,,,,5,0,0,771715,0,-4428,2026-08-07,TWSE T86 official,official-only,,,40.2,40.2
3419,,,,,0,0,0,-11000,0,0,2026-08-07,TWSE T86 official,official-only,,,0.0,0.0
3432,,,,,0,0,0,-1000,0,0,2026-08-07,TWSE T86 official,official-only,,,0.0,0.0
3437,,,,,1,0,1,23000,0,1000,2026-08-07,TWSE T86 official,official-only,,,40.0,40.0
3443,,,,,1,6,0,19022,30000,-17094,2026-08-07,TWSE T86 official,official-only,,,40.0,40.0
3447,,,,,0,0,0,-42000,0,-1000,2026-08-07,TWSE T86 official,official-only,,,0.0,0.0
3450,,,,,4,1,5,1266692,340000,53410,2026-08-07,TWSE T86 official,official-only,,,40.3,40.3
3481,,,,,0,0,0,-51201712,0,-2717673,2026-08-07,TWSE T86 official,official-only,,,0.0,0.0
3494,,,,,4,0,0,18000,0,-10000,2026-08-07,TWSE T86 official,official-only,,,40.0,40.0
3501,,,,,0,0,0,-2000,0,0,2026-08-07,TWSE T86 official,official-only,,,0.0,0.0
3504,,,,,0,0,1,-290948,0,2365,2026-08-07,TWSE T86 official,official-only,,,0.0,0.0
3515,,,,,0,1,0,-302541,494,-3791,2026-08-07,TWSE T86 official,official-only,,,0.0,0.0
3518,,,,,1,0,2,29000,0,12380,2026-08-07,TWSE T86 official,official-only,,,40.0,40.0
3528,,,,,0,0,0,-80000,0,-273,2026-08-07,TWSE T86 official,official-only,,,0.0,0.0
3530,,,,,5,0,1,1991,0,982,2026-08-07,TWSE T86 official,official-only,,,40.0,40.0
3532,,,,,3,0,0,79537,0,-15059,2026-08-07,TWSE T86 official,official-only,,,40.0,40.0
3533,,,,,0,1,0,-48679,17000,-21012,2026-08-07,TWSE T86 official,official-only,,,0.0,0.0
3535,,,,,0,0,0,-158950,0,-1328,2026-08-07,TWSE T86 official,official-only,,,0.0,0.0
3543,,,,,3,0,0,166251,0,-2147,2026-08-07,TWSE T86 official,official-only,,,40.0,40.0
3545,,,,,0,0,1,-3000,-5000,3343,2026-08-07,TWSE T86 official,official-only,,,0.0,0.0
3550,,,,,0,0,1,-104946,0,8337,2026-08-07,TWSE T86 official,official-only,,,0.0,0.0
3557,,,,,0,0,1,-8000,0,14000,2026-08-07,TWSE T86 official,official-only,,,40.0,40.0
3563,,,,,0,0,0,-128804,0,-39831,2026-08-07,TWSE T86 official,official-only,,,0.0,0.0
3576,,,,,0,0,0,-916600,0,-30000,2026-08-07,TWSE T86 official,official-only,,,0.0,0.0
3583,,,,,0,1,0,-355010,70000,-35219,2026-08-07,TWSE T86 official,official-only,,,0.0,0.0
3588,,,,,5,0,2,37960,0,160,2026-08-07,TWSE T86 official,official-only,,,40.0,40.0
3591,,,,,0,0,1,-185083,0,2648,2026-08-07,TWSE T86 official,official-only,,,0.0,0.0
3592,,,,,1,0,1,114321,-12000,2011,2026-08-07,TWSE T86 official,official-only,,,40.0,40.0
3593,,,,,1,0,0,2000,0,0,2026-08-07,TWSE T86 official,official-only,,,40.0,40.0
3596,,,,,0,1,0,-603097,671,-3218,2026-08-07,TWSE T86 official,official-only,,,0.0,0.0
3605,,,,,4,0,0,1821650,0,-94307,2026-08-07,TWSE T86 official,official-only,,,40.4,40.4
3607,,,,,3,0,0,26000,0,-1000,2026-08-07,TWSE T86 official,official-only,,,40.0,40.0
3617,,,,,1,1,0,167964,635,-23219,2026-08-07,TWSE T86 official,official-only,,,40.0,40.0
3622,,,,,1,1,3,61120,2169,5433,2026-08-07,TWSE T86 official,official-only,,,40.0,40.0
3645,,,,,0,0,1,-60929,0,20749,2026-08-07,TWSE T86 official,official-only,,,0.0,0.0
3652,,,,,0,0,0,-75000,0,-1000,2026-08-07,TWSE T86 official,official-only,,,0.0,0.0
3653,,,,,0,10,2,-14805,59000,1182,2026-08-07,TWSE T86 official,official-only,,,40.0,40.0
3661,,,,,0,0,6,-40023,-13000,22776,2026-08-07,TWSE T86 official,official-only,,,0.0,0.0
3665,,,,,0,0,0,-408108,-1215000,-45023,2026-08-07,TWSE T86 official,official-only,,,0.0,0.0
3669,,,,,1,0,0,28000,0,0,2026-08-07,TWSE T86 official,official-only,,,40.0,40.0
3673,,,,,0,0,1,-740135,0,22428,2026-08-07,TWSE T86 official,official-only,,,0.0,0.0
3679,,,,,0,0,1,-1070,0,1000,2026-08-07,TWSE T86 official,official-only,,,0.0,0.0
3686,,,,,1,0,0,7000,0,-1000,2026-08-07,TWSE T86 official,official-only,,,40.0,40.0
3694,,,,,0,0,1,-137300,0,4495,2026-08-07,TWSE T86 official,official-only,,,0.0,0.0
3701,,,,,0,0,0,-980000,0,-3626,2026-08-07,TWSE T86 official,official-only,,,0.0,0.0
3702,,,,,0,2,0,-981245,1097127,-548388,2026-08-07,TWSE T86 official,official-only,,,0.0,0.0
3703,,,,,2,0,1,289000,0,126000,2026-08-07,TWSE T86 official,official-only,,,40.1,40.1
3704,,,,,0,0,1,-1094773,0,13114,2026-08-07,TWSE T86 official,official-only,,,0.0,0.0
3705,,,,,1,0,0,9000,0,0,2026-08-07,TWSE T86 official,official-only,,,40.0,40.0
3706,,,,,0,0,0,-1837275,-171000,-85271,2026-08-07,TWSE T86 official,official-only,,,0.0,0.0
3708,,,,,3,0,3,12000,0,8837,2026-08-07,TWSE T86 official,official-only,,,40.0,40.0
3711,,,,,0,9,0,-3053732,557000,-273934,2026-08-07,TWSE T86 official,official-only,,,0.0,0.0
3712,,,,,1,0,1,137000,0,4000,2026-08-07,TWSE T86 official,official-only,,,40.0,40.0
3714,,,,,0,0,1,-481834,0,414865,2026-08-07,TWSE T86 official,official-only,,,0.0,0.0
3715,,,,,1,0,0,289342,0,-87925,2026-08-07,TWSE T86 official,official-only,,,40.0,40.0
3716,,,,,1,0,0,406000,0,-1000,2026-08-07,TWSE T86 official,official-only,,,40.1,40.1
3717,,,,,0,0,0,-156374,0,-216586,2026-08-07,TWSE T86 official,official-only,,,0.0,0.0
4104,,,,,1,0,0,22056,0,0,2026-08-07,TWSE T86 official,official-only,,,40.0,40.0
4106,,,,,3,0,0,124000,0,-12000,2026-08-07,TWSE T86 official,official-only,,,40.0,40.0
4108,,,,,0,0,0,0,0,-1000,2026-08-07,TWSE T86 official,official-only,,,0.0,0.0
4119,,,,,1,0,0,152309,0,-5000,2026-08-07,TWSE T86 official,official-only,,,40.0,40.0
4133,,,,,1,0,0,10000,0,0,2026-08-07,TWSE T86 official,official-only,,,40.0,40.0
4137,,,,,2,0,2,24000,0,10000,2026-08-07,TWSE T86 official,official-only,,,40.0,40.0
4142,,,,,4,0,1,1706130,0,12273,2026-08-07,TWSE T86 official,official-only,,,40.3,40.3
4148,,,,,1,0,0,11000,0,0,2026-08-07,TWSE T86 official,official-only,,,40.0,40.0
4155,,,,,1,0,0,44000,0,-1000,2026-08-07,TWSE T86 official,official-only,,,40.0,40.0
4164,,,,,1,0,1,33050,0,4785,2026-08-07,TWSE T86 official,official-only,,,40.0,40.0
4169,,,,,2,0,0,1000,0,0,2026-08-07,TWSE T86 official,official-only,,,40.0,40.0
4178,,,,,0,0,0,-33000,0,-2000,2026-08-07,TWSE T86 official,official-only,,,0.0,0.0
4190,,,,,0,0,0,0,0,0,2026-08-07,TWSE T86 official,official-only,,,0.0,0.0
4195,,,,,0,0,5,-33000,0,5000,2026-08-07,TWSE T86 official,official-only,,,0.0,0.0
4306,,,,,0,0,1,-40000,0,99000,2026-08-07,TWSE T86 official,official-only,,,40.0,40.0
4414,,,,,0,0,0,-15000,0,0,2026-08-07,TWSE T86 official,official-only,,,0.0,0.0
4426,,,,,1,0,0,11000,0,-1000,2026-08-07,TWSE T86 official,official-only,,,40.0,40.0
4438,,,,,0,0,1,-42000,0,870,2026-08-07,TWSE T86 official,official-only,,,0.0,0.0
4439,,,,,0,0,1,0,0,2000,2026-08-07,TWSE T86 official,official-only,,,40.0,40.0
4440,,,,,0,0,0,-2000,0,0,2026-08-07,TWSE T86 official,official-only,,,0.0,0.0
4441,,,,,0,0,0,-38000,0,0,2026-08-07,TWSE T86 official,official-only,,,0.0,0.0
4526,,,,,0,0,0,-257900,0,-898,2026-08-07,TWSE T86 official,official-only,,,0.0,0.0
4532,,,,,0,0,1,-93000,-1000,32000,2026-08-07,TWSE T86 official,official-only,,,0.0,0.0
4536,,,,,3,0,1,98119,0,12000,2026-08-07,TWSE T86 official,official-only,,,40.0,40.0
4540,,,,,1,0,1,66016,0,6405,2026-08-07,TWSE T86 official,official-only,,,40.0,40.0
4545,,,,,0,0,0,-4000,0,0,2026-08-07,TWSE T86 official,official-only,,,0.0,0.0
4551,,,,,0,2,0,-426758,189000,-3611,2026-08-07,TWSE T86 official,official-only,,,0.0,0.0
4552,,,,,2,0,1,43000,0,15000,2026-08-07,TWSE T86 official,official-only,,,40.0,40.0
4555,,,,,0,0,3,-301000,0,5325,2026-08-07,TWSE T86 official,official-only,,,0.0,0.0
4557,,,,,0,0,1,-4000,0,9000,2026-08-07,TWSE T86 official,official-only,,,40.0,40.0
4560,,,,,1,0,1,17000,0,6000,2026-08-07,TWSE T86 official,official-only,,,40.0,40.0
4562,,,,,0,0,1,-219000,0,1205,2026-08-07,TWSE T86 official,official-only,,,0.0,0.0
4564,,,,,0,0,2,-101667,0,3186,2026-08-07,TWSE T86 official,official-only,,,0.0,0.0
4566,,,,,1,0,5,1801000,0,17282,2026-08-07,TWSE T86 official,official-only,,,40.4,40.4
4569,,,,,0,0,0,-3000,0,-143,2026-08-07,TWSE T86 official,official-only,,,0.0,0.0
4571,,,,,1,0,0,28171,0,-9926,2026-08-07,TWSE T86 official,official-only,,,40.0,40.0
4572,,,,,3,0,1,2000,0,5000,2026-08-07,TWSE T86 official,official-only,,,40.0,40.0
4576,,,,,0,0,5,-1308000,0,13319,2026-08-07,TWSE T86 official,official-only,,,0.0,0.0
4581,,,,,1,0,0,20,0,0,2026-08-07,TWSE T86 official,official-only,,,40.0,40.0
4582,,,,,3,0,1,27000,0,2935,2026-08-07,TWSE T86 official,official-only,,,40.0,40.0
4583,,,,,0,0,0,-37000,0,-499,2026-08-07,TWSE T86 official,official-only,,,0.0,0.0
4585,,,,,1,0,1,121931,0,2970,2026-08-07,TWSE T86 official,official-only,,,40.0,40.0
4588,,,,,0,0,1,-1000,0,5000,2026-08-07,TWSE T86 official,official-only,,,40.0,40.0
4590,,,,,3,0,0,62000,0,-8486,2026-08-07,TWSE T86 official,official-only,,,40.0,40.0
4720,,,,,0,0,1,-84000,0,69,2026-08-07,TWSE T86 official,official-only,,,0.0,0.0
4722,,,,,1,0,0,97093,0,-24884,2026-08-07,TWSE T86 official,official-only,,,40.0,40.0
4736,,,,,1,0,0,44786,0,0,2026-08-07,TWSE T86 official,official-only,,,40.0,40.0
4737,,,,,1,0,0,19000,0,0,2026-08-07,TWSE T86 official,official-only,,,40.0,40.0
4739,,,,,1,0,4,24988,0,36909,2026-08-07,TWSE T86 official,official-only,,,40.0,40.0
4746,,,,,5,0,1,652121,0,1502,2026-08-07,TWSE T86 official,official-only,,,40.1,40.1
4755,,,,,0,1,0,-31000,10000,-2000,2026-08-07,TWSE T86 official,official-only,,,0.0,0.0
4763,,,,,2,0,6,3285176,0,52200,2026-08-07,TWSE T86 official,official-only,,,40.7,40.7
4764,,,,,0,0,0,-134950,-528000,-8118,2026-08-07,TWSE T86 official,official-only,,,0.0,0.0
4766,,,,,1,0,2,154985,0,3443,2026-08-07,TWSE T86 official,official-only,,,40.0,40.0
4770,,,,,1,0,1,66000,0,1831,2026-08-07,TWSE T86 official,official-only,,,40.0,40.0
4771,,,,,6,0,1,260924,0,2903,2026-08-07,TWSE T86 official,official-only,,,40.1,40.1
4807,,,,,0,0,1,-2000,0,11000,2026-08-07,TWSE T86 official,official-only,,,40.0,40.0
4904,,,,,1,3,2,944453,763000,40338,2026-08-07,TWSE T86 official,official-only,,,40.3,40.3
4906,,,,,0,0,0,-1400920,0,-9215,2026-08-07,TWSE T86 official,official-only,,,0.0,0.0
4912,,,,,0,0,1,-41000,0,3000,2026-08-07,TWSE T86 official,official-only,,,0.0,0.0
4915,,,,,0,1,0,-2555600,8000,-21555,2026-08-07,TWSE T86 official,official-only,,,0.0,0.0
4916,,,,,0,0,2,-353190,0,8639,2026-08-07,TWSE T86 official,official-only,,,0.0,0.0
4919,,,,,2,0,0,219614,-44000,-71176,2026-08-07,TWSE T86 official,official-only,,,40.0,40.0
4927,,,,,0,0,0,-2537800,0,-34814,2026-08-07,TWSE T86 official,official-only,,,0.0,0.0
4930,,,,,0,0,0,-1000,0,0,2026-08-07,TWSE T86 official,official-only,,,0.0,0.0
4934,,,,,0,0,0,-124000,0,0,2026-08-07,TWSE T86 official,official-only,,,0.0,0.0
4935,,,,,0,0,1,-1000,0,2000,2026-08-07,TWSE T86 official,official-only,,,40.0,40.0
4938,,,,,1,9,0,178341,714308,-274306,2026-08-07,TWSE T86 official,official-only,,,40.1,40.1
4942,,,,,0,0,2,-19000,0,12000,2026-08-07,TWSE T86 official,official-only,,,0.0,0.0
4949,,,,,0,0,1,-33000,0,5000,2026-08-07,TWSE T86 official,official-only,,,0.0,0.0
4952,,,,,1,0,1,184000,0,2196,2026-08-07,TWSE T86 official,official-only,,,40.0,40.0
4956,,,,,0,0,1,-321648,0,106,2026-08-07,TWSE T86 official,official-only,,,0.0,0.0
4958,,,,,0,5,1,-5465780,119000,132327,2026-08-07,TWSE T86 official,official-only,,,0.0,0.0
4960,,,,,0,0,1,-52983,0,2112,2026-08-07,TWSE T86 official,official-only,,,0.0,0.0
4961,,,,,5,0,3,838672,-10000,19034,2026-08-07,TWSE T86 official,official-only,,,40.2,40.2
4967,,,,,3,0,0,1198506,0,-72236,2026-08-07,TWSE T86 official,official-only,,,40.2,40.2
4968,,,,,0,0,0,-40725,-20000,-19661,2026-08-07,TWSE T86 official,official-only,,,0.0,0.0
4976,,,,,0,0,1,-434087,0,2017,2026-08-07,TWSE T86 official,official-only,,,0.0,0.0
4977,,,,,0,0,0,-215678,0,-12291,2026-08-07,TWSE T86 official,official-only,,,0.0,0.0
4989,,,,,0,0,1,-593407,0,41365,2026-08-07,TWSE T86 official,official-only,,,0.0,0.0
4994,,,,,1,0,0,1000,0,0,2026-08-07,TWSE T86 official,official-only,,,40.0,40.0
4999,,,,,1,0,0,2000,0,-623,2026-08-07,TWSE T86 official,official-only,,,40.0,40.0
5007,,,,,0,0,0,-1000,0,-3000,2026-08-07,TWSE T86 official,official-only,,,0.0,0.0
5203,,,,,0,0,0,-17000,0,0,2026-08-07,TWSE T86 official,official-only,,,0.0,0.0
5215,,,,,0,0,0,-40000,0,-1000,2026-08-07,TWSE T86 official,official-only,,,0.0,0.0
5222,,,,,1,0,1,70000,-20000,943,2026-08-07,TWSE T86 official,official-only,,,40.0,40.0
5225,,,,,0,0,0,-23000,0,-605,2026-08-07,TWSE T86 official,official-only,,,0.0,0.0
5234,,,,,0,0,0,-18359,0,-2789,2026-08-07,TWSE T86 official,official-only,,,0.0,0.0
5236,,,,,0,0,0,-26000,-20000,-2326,2026-08-07,TWSE T86 official,official-only,,,0.0,0.0
5243,,,,,0,0,3,-327471,0,48270,2026-08-07,TWSE T86 official,official-only,,,0.0,0.0
5244,,,,,0,0,0,-22000,0,0,2026-08-07,TWSE T86 official,official-only,,,0.0,0.0
5258,,,,,1,0,1,12000,0,3000,2026-08-07,TWSE T86 official,official-only,,,40.0,40.0
5269,,,,,1,0,0,33816,-9000,-170,2026-08-07,TWSE T86 official,official-only,,,40.0,40.0
5283,,,,,1,0,0,1000,0,0,2026-08-07,TWSE T86 official,official-only,,,40.0,40.0
5284,,,,,1,0,0,98507,0,-7921,2026-08-07,TWSE T86 official,official-only,,,40.0,40.0
5285,,,,,0,0,1,-93684,0,598,2026-08-07,TWSE T86 official,official-only,,,0.0,0.0
5288,,,,,2,1,2,145000,15000,2497,2026-08-07,TWSE T86 official,official-only,,,40.0,40.0
5292,,,,,0,0,1,-31900,0,5995,2026-08-07,TWSE T86 official,official-only,,,0.0,0.0
5306,,,,,2,0,0,53000,0,-3000,2026-08-07,TWSE T86 official,official-only,,,40.0,40.0
5388,,,,,5,1,1,45386,1467,220341,2026-08-07,TWSE T86 official,official-only,,,40.0,40.0
5434,,,,,3,0,2,13389,-243000,13120,2026-08-07,TWSE T86 official,official-only,,,0.0,0.0
5469,,,,,1,0,1,12000,0,21000,2026-08-07,TWSE T86 official,official-only,,,40.0,40.0
5471,,,,,1,0,2,42862,0,1204,2026-08-07,TWSE T86 official,official-only,,,40.0,40.0
5484,,,,,2,0,1,87000,0,16760,2026-08-07,TWSE T86 official,official-only,,,40.0,40.0
5515,,,,,2,0,1,55193,0,22000,2026-08-07,TWSE T86 official,official-only,,,40.0,40.0
5519,,,,,1,0,1,66000,0,4000,2026-08-07,TWSE T86 official,official-only,,,40.0,40.0
5521,,,,,1,0,1,181000,0,6000,2026-08-07,TWSE T86 official,official-only,,,40.0,40.0
5522,,,,,1,1,1,1935000,7000,37000,2026-08-07,TWSE T86 official,official-only,,,40.4,40.4
5525,,,,,1,0,1,16000,0,1000,2026-08-07,TWSE T86 official,official-only,,,40.0,40.0
5531,,,,,1,0,0,21000,0,0,2026-08-07,TWSE T86 official,official-only,,,40.0,40.0
5533,,,,,1,0,0,73000,0,-12000,2026-08-07,TWSE T86 official,official-only,,,40.0,40.0
5534,,,,,1,0,3,87200,0,4256,2026-08-07,TWSE T86 official,official-only,,,40.0,40.0
5538,,,,,9,0,0,96000,0,0,2026-08-07,TWSE T86 official,official-only,,,40.0,40.0
5546,,,,,0,0,0,-6000,0,0,2026-08-07,TWSE T86 official,official-only,,,0.0,0.0
5607,,,,,3,0,1,50044,0,4000,2026-08-07,TWSE T86 official,official-only,,,40.0,40.0
5608,,,,,0,0,0,-68428,0,0,2026-08-07,TWSE T86 official,official-only,,,0.0,0.0
5706,,,,,1,0,1,51000,0,7000,2026-08-07,TWSE T86 official,official-only,,,40.0,40.0
5871,,,,,0,0,1,-281175,-13000,20682,2026-08-07,TWSE T86 official,official-only,,,0.0,0.0
5876,,,,,2,1,1,331631,320000,47917,2026-08-07,TWSE T86 official,official-only,,,40.1,40.1
5880,,,,,1,0,1,3220840,0,27000,2026-08-07,TWSE T86 official,official-only,,,40.6,40.6
5906,,,,,1,0,0,4000,0,0,2026-08-07,TWSE T86 official,official-only,,,40.0,40.0
5907,,,,,0,0,0,0,0,0,2026-08-07,TWSE T86 official,official-only,,,0.0,0.0
6005,,,,,0,0,0,-7746913,-11000,0,2026-08-07,TWSE T86 official,official-only,,,0.0,0.0
6024,,,,,1,0,0,107982,0,0,2026-08-07,TWSE T86 official,official-only,,,40.0,40.0
6108,,,,,1,0,0,56200,0,-4000,2026-08-07,TWSE T86 official,official-only,,,40.0,40.0
6112,,,,,2,0,3,626098,0,10183,2026-08-07,TWSE T86 official,official-only,,,40.1,40.1
6115,,,,,3,0,2,101000,0,25000,2026-08-07,TWSE T86 official,official-only,,,40.0,40.0
6116,,,,,0,0,1,-7842105,0,284814,2026-08-07,TWSE T86 official,official-only,,,0.0,0.0
6117,,,,,5,0,1,31000,0,9000,2026-08-07,TWSE T86 official,official-only,,,40.0,40.0
6120,,,,,1,1,1,101807,35000,27525,2026-08-07,TWSE T86 official,official-only,,,40.0,40.0
6128,,,,,1,0,0,11000,0,-4000,2026-08-07,TWSE T86 official,official-only,,,40.0,40.0
6133,,,,,0,0,0,-36000,0,0,2026-08-07,TWSE T86 official,official-only,,,0.0,0.0
6136,,,,,0,0,1,-5000,0,2000,2026-08-07,TWSE T86 official,official-only,,,0.0,0.0
6139,,,,,0,0,0,-1029519,-29000,-22968,2026-08-07,TWSE T86 official,official-only,,,0.0,0.0
6141,,,,,0,0,1,-224070,0,4181,2026-08-07,TWSE T86 official,official-only,,,0.0,0.0
6142,,,,,1,0,1,38000,0,2000,2026-08-07,TWSE T86 official,official-only,,,40.0,40.0
6152,,,,,0,0,2,-7000,0,2997,2026-08-07,TWSE T86 official,official-only,,,0.0,0.0
6153,,,,,0,0,2,-296467,0,11857,2026-08-07,TWSE T86 official,official-only,,,0.0,0.0
6155,,,,,0,0,0,-44000,0,-31,2026-08-07,TWSE T86 official,official-only,,,0.0,0.0
6164,,,,,0,0,1,-220000,0,42000,2026-08-07,TWSE T86 official,official-only,,,0.0,0.0
6165,,,,,1,0,0,205000,0,0,2026-08-07,TWSE T86 official,official-only,,,40.0,40.0
6166,,,,,0,0,0,-479872,0,-5268,2026-08-07,TWSE T86 official,official-only,,,0.0,0.0
6168,,,,,0,0,2,-147000,0,2062,2026-08-07,TWSE T86 official,official-only,,,0.0,0.0
6176,,,,,0,1,0,-1197361,1356,-29376,2026-08-07,TWSE T86 official,official-only,,,0.0,0.0
6177,,,,,1,0,4,1134020,0,140000,2026-08-07,TWSE T86 official,official-only,,,40.2,40.2
6183,,,,,0,0,1,-8000,0,10000,2026-08-07,TWSE T86 official,official-only,,,0.0,0.0
6184,,,,,1,0,0,8000,0,0,2026-08-07,TWSE T86 official,official-only,,,40.0,40.0
6189,,,,,6,1,2,138597,228,2447,2026-08-07,TWSE T86 official,official-only,,,40.0,40.0
6191,,,,,0,0,3,-160160,0,8270,2026-08-07,TWSE T86 official,official-only,,,0.0,0.0
6192,,,,,1,0,2,6000,0,6715,2026-08-07,TWSE T86 official,official-only,,,40.0,40.0
6196,,,,,1,0,3,410159,-458000,885,2026-08-07,TWSE T86 official,official-only,,,40.0,40.0
6197,,,,,0,0,0,-1221000,0,-119054,2026-08-07,TWSE T86 official,official-only,,,0.0,0.0
6201,,,,,0,0,2,-10000,0,6000,2026-08-07,TWSE T86 official,official-only,,,0.0,0.0
6202,,,,,1,1,0,792858,63000,-2417,2026-08-07,TWSE T86 official,official-only,,,40.2,40.2
6205,,,,,0,0,1,-17910,0,14020,2026-08-07,TWSE T86 official,official-only,,,0.0,0.0
6206,,,,,0,0,4,-128510,-23,24387,2026-08-07,TWSE T86 official,official-only,,,0.0,0.0
6209,,,,,0,0,0,-1526763,0,-193336,2026-08-07,TWSE T86 official,official-only,,,0.0,0.0
6213,,,,,1,0,0,5801407,-40000,-268247,2026-08-07,TWSE T86 official,official-only,,,41.1,41.1
6214,,,,,1,1,0,468581,870,-3755,2026-08-07,TWSE T86 official,official-only,,,40.1,40.1
6215,,,,,0,0,3,-443190,0,15103,2026-08-07,TWSE T86 official,official-only,,,0.0,0.0
6216,,,,,1,0,1,74000,0,688,2026-08-07,TWSE T86 official,official-only,,,40.0,40.0
6224,,,,,0,0,1,-18000,0,2000,2026-08-07,TWSE T86 official,official-only,,,0.0,0.0
6225,,,,,1,0,0,1000,0,0,2026-08-07,TWSE T86 official,official-only,,,40.0,40.0
6226,,,,,0,0,0,-478370,0,-39871,2026-08-07,TWSE T86 official,official-only,,,0.0,0.0
6230,,,,,4,0,1,4000,0,888,2026-08-07,TWSE T86 official,official-only,,,40.0,40.0
6235,,,,,7,0,0,110000,0,-2672,2026-08-07,TWSE T86 official,official-only,,,40.0,40.0
6239,,,,,0,1,0,-3782560,1253000,-438362,2026-08-07,TWSE T86 official,official-only,,,0.0,0.0
6243,,,,,1,0,1,662050,0,354,2026-08-07,TWSE T86 official,official-only,,,40.1,40.1
6257,,,,,0,0,0,-1894357,-85000,-82218,2026-08-07,TWSE T86 official,official-only,,,0.0,0.0
6269,,,,,4,0,3,3972980,0,307951,2026-08-07,TWSE T86 official,official-only,,,40.8,40.8
6271,,,,,1,1,0,597200,750000,-148788,2026-08-07,TWSE T86 official,official-only,,,40.2,40.2
6272,,,,,0,0,0,-22000,0,-7000,2026-08-07,TWSE T86 official,official-only,,,0.0,0.0
6277,,,,,1,0,0,292000,0,-3000,2026-08-07,TWSE T86 official,official-only,,,40.1,40.1
6278,,,,,1,0,0,403140,0,-19809,2026-08-07,TWSE T86 official,official-only,,,40.1,40.1
6281,,,,,0,0,0,-6000,0,-2000,2026-08-07,TWSE T86 official,official-only,,,0.0,0.0
6282,,,,,0,0,5,-1666023,0,239135,2026-08-07,TWSE T86 official,official-only,,,0.0,0.0
6283,,,,,2,0,1,24000,0,1000,2026-08-07,TWSE T86 official,official-only,,,40.0,40.0
6285,,,,,0,0,0,-2335299,-57000,-262678,2026-08-07,TWSE T86 official,official-only,,,0.0,0.0
6405,,,,,0,0,1,-107000,0,39,2026-08-07,TWSE T86 official,official-only,,,0.0,0.0
6409,,,,,0,0,0,-12464,-1863,-2224,2026-08-07,TWSE T86 official,official-only,,,0.0,0.0
6412,,,,,0,1,0,-59565,11401,-381,2026-08-07,TWSE T86 official,official-only,,,0.0,0.0
6414,,,,,2,0,0,106876,-13000,-43233,2026-08-07,TWSE T86 official,official-only,,,40.0,40.0
6415,,,,,4,0,0,620439,-16000,-26964,2026-08-07,TWSE T86 official,official-only,,,40.1,40.1
6416,,,,,4,0,0,220000,0,-2415,2026-08-07,TWSE T86 official,official-only,,,40.0,40.0
6426,,,,,1,0,2,259000,0,9955,2026-08-07,TWSE T86 official,official-only,,,40.1,40.1
6431,,,,,0,0,0,-20000,0,0,2026-08-07,TWSE T86 official,official-only,,,0.0,0.0
6438,,,,,7,0,0,53105,0,-639,2026-08-07,TWSE T86 official,official-only,,,40.0,40.0
6442,,,,,0,0,0,-144710,-115000,-1403,2026-08-07,TWSE T86 official,official-only,,,0.0,0.0
6443,,,,,0,0,0,-239000,0,0,2026-08-07,TWSE T86 official,official-only,,,0.0,0.0
6446,,,,,0,1,1,-268956,11000,3235,2026-08-07,TWSE T86 official,official-only,,,0.0,0.0
6449,,,,,0,0,0,-96747,0,-9881,2026-08-07,TWSE T86 official,official-only,,,0.0,0.0
6451,,,,,0,0,0,-350780,0,-13078,2026-08-07,TWSE T86 official,official-only,,,0.0,0.0
6456,,,,,5,0,3,433286,0,66135,2026-08-07,TWSE T86 official,official-only,,,40.1,40.1
6464,,,,,0,0,2,-19000,0,1000,2026-08-07,TWSE T86 official,official-only,,,0.0,0.0
6472,,,,,1,0,1,124579,0,25063,2026-08-07,TWSE T86 official,official-only,,,40.0,40.0
6477,,,,,0,0,1,-59336,0,929,2026-08-07,TWSE T86 official,official-only,,,0.0,0.0
6491,,,,,1,0,0,383829,0,-600,2026-08-07,TWSE T86 official,official-only,,,40.1,40.1
6504,,,,,0,0,1,-1000,0,1000,2026-08-07,TWSE T86 official,official-only,,,0.0,0.0
6505,,,,,0,0,1,-6535221,0,620556,2026-08-07,TWSE T86 official,official-only,,,0.0,0.0
6515,,,,,0,0,1,-14709,-28000,3116,2026-08-07,TWSE T86 official,official-only,,,0.0,0.0
6525,,,,,3,0,0,144288,-1000,-222,2026-08-07,TWSE T86 official,official-only,,,40.0,40.0
6526,,,,,0,1,1,-17791,27000,780,2026-08-07,TWSE T86 official,official-only,,,40.0,40.0
6531,,,,,2,2,5,26348,28000,52299,2026-08-07,TWSE T86 official,official-only,,,40.0,40.0
6533,,,,,0,0,5,-398954,-20000,40942,2026-08-07,TWSE T86 official,official-only,,,0.0,0.0
6534,,,,,0,0,1,-2000,0,2,2026-08-07,TWSE T86 official,official-only,,,0.0,0.0
6541,,,,,4,0,0,98000,0,0,2026-08-07,TWSE T86 official,official-only,,,40.0,40.0
6550,,,,,1,0,0,24000,0,0,2026-08-07,TWSE T86 official,official-only,,,40.0,40.0
6552,,,,,0,0,0,-11000,0,-2000,2026-08-07,TWSE T86 official,official-only,,,0.0,0.0
6558,,,,,1,0,0,32000,0,0,2026-08-07,TWSE T86 official,official-only,,,40.0,40.0
6573,,,,,0,0,2,-34060,0,24000,2026-08-07,TWSE T86 official,official-only,,,0.0,0.0
6579,,,,,0,0,0,-88294,0,-17692,2026-08-07,TWSE T86 official,official-only,,,0.0,0.0
6581,,,,,1,0,1,4000,0,1000,2026-08-07,TWSE T86 official,official-only,,,40.0,40.0
6582,,,,,2,0,1,27000,0,9000,2026-08-07,TWSE T86 official,official-only,,,40.0,40.0
6585,,,,,0,0,3,-143000,0,1034,2026-08-07,TWSE T86 official,official-only,,,0.0,0.0
6589,,,,,1,0,1,206100,0,8000,2026-08-07,TWSE T86 official,official-only,,,40.0,40.0
6591,,,,,0,0,1,-3000,0,661,2026-08-07,TWSE T86 official,official-only,,,0.0,0.0
6592,,,,,1,0,1,222897,0,10020,2026-08-07,TWSE T86 official,official-only,,,40.0,40.0
6598,,,,,1,0,2,81000,0,2000,2026-08-07,TWSE T86 official,official-only,,,40.0,40.0
6605,,,,,3,0,0,261000,0,-3233,2026-08-07,TWSE T86 official,official-only,,,40.1,40.1
6606,,,,,0,0,1,-12000,0,20000,2026-08-07,TWSE T86 official,official-only,,,0.0,0.0
6614,,,,,1,0,1,10000,0,4000,2026-08-07,TWSE T86 official,official-only,,,40.0,40.0
6625,,,,,1,0,1,57000,0,546,2026-08-07,TWSE T86 official,official-only,,,40.0,40.0
6641,,,,,0,0,0,-1000,0,0,2026-08-07,TWSE T86 official,official-only,,,0.0,0.0
6645,,,,,1,0,0,2000,0,-101,2026-08-07,TWSE T86 official,official-only,,,40.0,40.0
6655,,,,,9,0,0,1000,0,0,2026-08-07,TWSE T86 official,official-only,,,40.0,40.0
6657,,,,,4,0,0,19000,0,0,2026-08-07,TWSE T86 official,official-only,,,40.0,40.0
6658,,,,,0,0,3,-115016,0,2887,2026-08-07,TWSE T86 official,official-only,,,0.0,0.0
6666,,,,,2,0,0,3000,0,0,2026-08-07,TWSE T86 official,official-only,,,40.0,40.0
6668,,,,,0,0,1,-108000,0,1000,2026-08-07,TWSE T86 official,official-only,,,0.0,0.0
6669,,,,,0,1,0,-138166,92000,-1962,2026-08-07,TWSE T86 official,official-only,,,0.0,0.0
6670,,,,,4,0,1,192866,-62000,8018,2026-08-07,TWSE T86 official,official-only,,,40.0,40.0
6671,,,,,0,0,1,-6000,0,5000,2026-08-07,TWSE T86 official,official-only,,,0.0,0.0
6672,,,,,0,0,1,-415957,0,53792,2026-08-07,TWSE T86 official,official-only,,,0.0,0.0
6674,,,,,0,0,0,-2000,0,0,2026-08-07,TWSE T86 official,official-only,,,0.0,0.0
6689,,,,,1,0,1,35000,0,18000,2026-08-07,TWSE T86 official,official-only,,,40.0,40.0
6691,,,,,3,0,6,416850,-1000,14341,2026-08-07,TWSE T86 official,official-only,,,40.1,40.1
6695,,,,,5,0,0,2700,0,-126,2026-08-07,TWSE T86 official,official-only,,,40.0,40.0
6698,,,,,0,0,0,-14023,0,0,2026-08-07,TWSE T86 official,official-only,,,0.0,0.0
6706,,,,,0,0,0,-50020,0,-5471,2026-08-07,TWSE T86 official,official-only,,,0.0,0.0
6715,,,,,4,0,0,14000,-192000,-2283,2026-08-07,TWSE T86 official,official-only,,,0.0,0.0
6719,,,,,0,0,0,-44638,-10000,-6229,2026-08-07,TWSE T86 official,official-only,,,0.0,0.0
6722,,,,,0,0,0,-9000,0,0,2026-08-07,TWSE T86 official,official-only,,,0.0,0.0
6742,,,,,0,0,1,-12000,0,1000,2026-08-07,TWSE T86 official,official-only,,,0.0,0.0
6743,,,,,0,0,0,-76000,0,0,2026-08-07,TWSE T86 official,official-only,,,0.0,0.0
6753,,,,,2,0,1,107385,0,97221,2026-08-07,TWSE T86 official,official-only,,,40.0,40.0
6754,,,,,0,0,0,-1000,0,-1000,2026-08-07,TWSE T86 official,official-only,,,0.0,0.0
6756,,,,,6,0,1,15456,0,1075,2026-08-07,TWSE T86 official,official-only,,,40.0,40.0
6757,,,,,1,0,1,497185,-84000,49000,2026-08-07,TWSE T86 official,official-only,,,40.1,40.1
6768,,,,,9,0,0,229199,-107000,-521,2026-08-07,TWSE T86 official,official-only,,,40.0,40.0
6770,,,,,0,0,0,-16911014,0,-115595,2026-08-07,TWSE T86 official,official-only,,,0.0,0.0
6771,,,,,0,0,4,-3000,0,2000,2026-08-07,TWSE T86 official,official-only,,,0.0,0.0
6776,,,,,1,0,0,43000,0,-10150,2026-08-07,TWSE T86 official,official-only,,,40.0,40.0
6781,,,,,1,0,0,1035048,0,-4022,2026-08-07,TWSE T86 official,official-only,,,40.2,40.2
6782,,,,,7,0,1,755908,0,50409,2026-08-07,TWSE T86 official,official-only,,,40.2,40.2
6789,,,,,0,2,0,-955188,2000,-42182,2026-08-07,TWSE T86 official,official-only,,,0.0,0.0
6790,,,,,1,0,0,4000,0,0,2026-08-07,TWSE T86 official,official-only,,,40.0,40.0
6792,,,,,1,0,0,13000,0,-2000,2026-08-07,TWSE T86 official,official-only,,,40.0,40.0
6794,,,,,0,0,0,-10000,0,-3000,2026-08-07,TWSE T86 official,official-only,,,0.0,0.0
6796,,,,,0,0,0,-5000,0,0,2026-08-07,TWSE T86 official,official-only,,,0.0,0.0
6799,,,,,1,0,1,16000,0,1760,2026-08-07,TWSE T86 official,official-only,,,40.0,40.0
6805,,,,,1,3,0,9334,340000,-49544,2026-08-07,TWSE T86 official,official-only,,,40.1,40.1
6807,,,,,0,0,0,-1000,0,0,2026-08-07,TWSE T86 official,official-only,,,0.0,0.0
6830,,,,,0,0,0,-313517,0,-33459,2026-08-07,TWSE T86 official,official-only,,,0.0,0.0
6831,,,,,0,0,0,-139689,0,-22701,2026-08-07,TWSE T86 official,official-only,,,0.0,0.0
6834,,,,,0,0,0,-14429,0,0,2026-08-07,TWSE T86 official,official-only,,,0.0,0.0
6835,,,,,1,0,0,11000,0,0,2026-08-07,TWSE T86 official,official-only,,,40.0,40.0
6838,,,,,1,0,0,1000,0,0,2026-08-07,TWSE T86 official,official-only,,,40.0,40.0
6854,,,,,0,0,0,-7000,0,-8259,2026-08-07,TWSE T86 official,official-only,,,0.0,0.0
6861,,,,,0,0,0,-7961,0,-451,2026-08-07,TWSE T86 official,official-only,,,0.0,0.0
6862,,,,,0,0,0,-6000,0,-2656,2026-08-07,TWSE T86 official,official-only,,,0.0,0.0
6863,,,,,2,0,1,138040,0,2000,2026-08-07,TWSE T86 official,official-only,,,40.0,40.0
6869,,,,,1,0,1,25980,0,17348,2026-08-07,TWSE T86 official,official-only,,,40.0,40.0
6873,,,,,0,0,1,-157000,0,2140,2026-08-07,TWSE T86 official,official-only,,,0.0,0.0
6885,,,,,1,0,0,49090,0,-19000,2026-08-07,TWSE T86 official,official-only,,,40.0,40.0
6887,,,,,0,0,0,-4000,0,-2000,2026-08-07,TWSE T86 official,official-only,,,0.0,0.0
6890,,,,,1,0,1,52672,0,4086,2026-08-07,TWSE T86 official,official-only,,,40.0,40.0
6901,,,,,1,0,3,324090,0,3000,2026-08-07,TWSE T86 official,official-only,,,40.1,40.1
6902,,,,,0,0,0,-9000,0,0,2026-08-07,TWSE T86 official,official-only,,,0.0,0.0
6906,,,,,0,0,2,-18000,0,955,2026-08-07,TWSE T86 official,official-only,,,0.0,0.0
6908,,,,,0,0,0,-1000,0,-300,2026-08-07,TWSE T86 official,official-only,,,0.0,0.0
6909,,,,,0,0,0,-26000,0,0,2026-08-07,TWSE T86 official,official-only,,,0.0,0.0
6914,,,,,1,0,0,4000,0,-3000,2026-08-07,TWSE T86 official,official-only,,,40.0,40.0
6916,,,,,0,0,1,-3000,0,2000,2026-08-07,TWSE T86 official,official-only,,,0.0,0.0
6918,,,,,0,0,2,0,0,3000,2026-08-07,TWSE T86 official,official-only,,,40.0,40.0
6919,,,,,0,0,0,-139610,0,-7983,2026-08-07,TWSE T86 official,official-only,,,0.0,0.0
6921,,,,,1,0,1,11000,0,3000,2026-08-07,TWSE T86 official,official-only,,,40.0,40.0
6923,,,,,1,0,0,58000,0,-20,2026-08-07,TWSE T86 official,official-only,,,40.0,40.0
6924,,,,,0,0,1,-7000,0,5065,2026-08-07,TWSE T86 official,official-only,,,0.0,0.0
6928,,,,,1,0,0,10000,0,0,2026-08-07,TWSE T86 official,official-only,,,40.0,40.0
6931,,,,,1,0,1,15000,0,1000,2026-08-07,TWSE T86 official,official-only,,,40.0,40.0
6933,,,,,1,0,0,25000,0,-751,2026-08-07,TWSE T86 official,official-only,,,40.0,40.0
6934,,,,,0,0,0,-1000,0,0,2026-08-07,TWSE T86 official,official-only,,,0.0,0.0
6936,,,,,2,0,0,3000,0,-2000,2026-08-07,TWSE T86 official,official-only,,,40.0,40.0
6937,,,,,0,0,0,-148195,-17000,-31186,2026-08-07,TWSE T86 official,official-only,,,0.0,0.0
6944,,,,,0,0,1,-107624,0,149,2026-08-07,TWSE T86 official,official-only,,,0.0,0.0
6947,,,,,0,0,0,-70100,0,0,2026-08-07,TWSE T86 official,official-only,,,0.0,0.0
6949,,,,,0,0,1,-17000,0,237,2026-08-07,TWSE T86 official,official-only,,,0.0,0.0
6951,,,,,0,0,0,-4000,0,0,2026-08-07,TWSE T86 official,official-only,,,0.0,0.0
6952,,,,,1,0,0,12000,0,0,2026-08-07,TWSE T86 official,official-only,,,40.0,40.0
6955,,,,,1,0,0,1000,0,-1000,2026-08-07,TWSE T86 official,official-only,,,40.0,40.0
6957,,,,,1,0,0,4000,0,0,2026-08-07,TWSE T86 official,official-only,,,40.0,40.0
6958,,,,,0,0,1,-1000,0,2000,2026-08-07,TWSE T86 official,official-only,,,40.0,40.0
6962,,,,,5,0,0,135000,-15000,-6606,2026-08-07,TWSE T86 official,official-only,,,40.0,40.0
6965,,,,,0,0,0,0,0,-1000,2026-08-07,TWSE T86 official,official-only,,,0.0,0.0
6969,,,,,0,0,0,-2000,0,0,2026-08-07,TWSE T86 official,official-only,,,0.0,0.0
6988,,,,,0,0,0,0,0,-1,2026-08-07,TWSE T86 official,official-only,,,0.0,0.0
6994,,,,,4,0,0,4000,0,-1869,2026-08-07,TWSE T86 official,official-only,,,40.0,40.0
7610,,,,,2,0,0,91260,0,-327,2026-08-07,TWSE T86 official,official-only,,,40.0,40.0
7631,,,,,0,0,2,-3000,0,2000,2026-08-07,TWSE T86 official,official-only,,,0.0,0.0
7689,,,,,0,0,0,-29000,0,0,2026-08-07,TWSE T86 official,official-only,,,0.0,0.0
7705,,,,,0,0,0,-9000,0,0,2026-08-07,TWSE T86 official,official-only,,,0.0,0.0
7711,,,,,0,0,0,-202350,0,-35963,2026-08-07,TWSE T86 official,official-only,,,0.0,0.0
7721,,,,,7,0,0,9000,0,0,2026-08-07,TWSE T86 official,official-only,,,40.0,40.0
7722,,,,,1,0,2,28803,0,22727,2026-08-07,TWSE T86 official,official-only,,,40.0,40.0
7730,,,,,0,0,0,-14000,0,-30,2026-08-07,TWSE T86 official,official-only,,,0.0,0.0
7732,,,,,0,0,0,-1000,0,-1000,2026-08-07,TWSE T86 official,official-only,,,0.0,0.0
7736,,,,,0,0,0,-1000,0,-1000,2026-08-07,TWSE T86 official,official-only,,,0.0,0.0
7740,,,,,1,0,5,51100,0,2745,2026-08-07,TWSE T86 official,official-only,,,40.0,40.0
7749,,,,,0,0,0,-9000,-10000,0,2026-08-07,TWSE T86 official,official-only,,,0.0,0.0
7750,,,,,0,0,0,-17034,0,-629,2026-08-07,TWSE T86 official,official-only,,,0.0,0.0
7760,,,,,0,0,0,-1000,0,0,2026-08-07,TWSE T86 official,official-only,,,0.0,0.0
7765,,,,,1,0,2,19000,0,14000,2026-08-07,TWSE T86 official,official-only,,,40.0,40.0
7768,,,,,0,0,0,-10000,0,0,2026-08-07,TWSE T86 official,official-only,,,0.0,0.0
7769,,,,,1,0,1,8469,-40000,371,2026-08-07,TWSE T86 official,official-only,,,0.0,0.0
7780,,,,,0,0,0,-45000,0,-103,2026-08-07,TWSE T86 official,official-only,,,0.0,0.0
7786,,,,,2,0,0,140110,0,-1000,2026-08-07,TWSE T86 official,official-only,,,40.0,40.0
7788,,,,,0,0,0,-114552,0,-8720,2026-08-07,TWSE T86 official,official-only,,,0.0,0.0
7791,,,,,2,0,0,3000,0,0,2026-08-07,TWSE T86 official,official-only,,,40.0,40.0
7795,,,,,0,0,0,-1494000,0,-4551,2026-08-07,TWSE T86 official,official-only,,,0.0,0.0
7799,,,,,1,0,1,3100,0,1000,2026-08-07,TWSE T86 official,official-only,,,40.0,40.0
7803,,,,,0,0,1,-20000,0,3000,2026-08-07,TWSE T86 official,official-only,,,0.0,0.0
7818,,,,,0,0,0,-11180,0,-1000,2026-08-07,TWSE T86 official,official-only,,,0.0,0.0
7821,,,,,3,0,1,72000,0,12000,2026-08-07,TWSE T86 official,official-only,,,40.0,40.0
7822,,,,,1,0,1,14554,0,5957,2026-08-07,TWSE T86 official,official-only,,,40.0,40.0
7823,,,,,0,0,1,-1000,0,2783,2026-08-07,TWSE T86 official,official-only,,,40.0,40.0
7827,,,,,10,0,0,95000,0,-5445,2026-08-07,TWSE T86 official,official-only,,,40.0,40.0
7835,,,,,2,0,0,4000,0,0,2026-08-07,TWSE T86 official,official-only,,,40.0,40.0
8011,,,,,1,0,0,114615,0,0,2026-08-07,TWSE T86 official,official-only,,,40.0,40.0
8016,,,,,4,0,3,255103,-13579,18070,2026-08-07,TWSE T86 official,official-only,,,40.1,40.1
8021,,,,,0,3,0,-1449351,253000,-8092,2026-08-07,TWSE T86 official,official-only,,,0.0,0.0
8028,,,,,0,0,0,-2172746,-801000,-29876,2026-08-07,TWSE T86 official,official-only,,,0.0,0.0
8033,,,,,0,0,0,-30084,0,-68000,2026-08-07,TWSE T86 official,official-only,,,0.0,0.0
8039,,,,,0,0,3,-102000,0,63907,2026-08-07,TWSE T86 official,official-only,,,0.0,0.0
8045,,,,,0,0,1,-10000,0,1455,2026-08-07,TWSE T86 official,official-only,,,0.0,0.0
8046,,,,,0,0,8,-841918,0,25182,2026-08-07,TWSE T86 official,official-only,,,0.0,0.0
8070,,,,,1,1,1,54163,97,59486,2026-08-07,TWSE T86 official,official-only,,,40.0,40.0
8072,,,,,1,0,0,5000,0,0,2026-08-07,TWSE T86 official,official-only,,,40.0,40.0
8081,,,,,0,0,0,-264753,-4534,-13819,2026-08-07,TWSE T86 official,official-only,,,0.0,0.0
8103,,,,,0,0,3,-802261,0,819,2026-08-07,TWSE T86 official,official-only,,,0.0,0.0
8104,,,,,0,0,0,-104000,0,0,2026-08-07,TWSE T86 official,official-only,,,0.0,0.0
8105,,,,,1,0,0,69000,0,-6000,2026-08-07,TWSE T86 official,official-only,,,40.0,40.0
8110,,,,,0,0,0,-284800,0,-33674,2026-08-07,TWSE T86 official,official-only,,,0.0,0.0
8112,,,,,5,0,2,8478001,-49635,132924,2026-08-07,TWSE T86 official,official-only,,,41.7,41.7
8114,,,,,4,0,3,241854,0,32199,2026-08-07,TWSE T86 official,official-only,,,40.1,40.1
8131,,,,,0,0,1,-557435,0,29210,2026-08-07,TWSE T86 official,official-only,,,0.0,0.0
8150,,,,,0,0,0,-3111977,0,-54983,2026-08-07,TWSE T86 official,official-only,,,0.0,0.0
8162,,,,,0,0,1,-42885,0,3351,2026-08-07,TWSE T86 official,official-only,,,0.0,0.0
8163,,,,,0,0,1,-52960,0,11546,2026-08-07,TWSE T86 official,official-only,,,0.0,0.0
8201,,,,,0,0,0,-3000,0,0,2026-08-07,TWSE T86 official,official-only,,,0.0,0.0
8210,,,,,0,0,0,-1223929,-36000,-29597,2026-08-07,TWSE T86 official,official-only,,,0.0,0.0
8213,,,,,1,0,3,840,0,42647,2026-08-07,TWSE T86 official,official-only,,,40.0,40.0
8215,,,,,5,0,1,120323,0,1932,2026-08-07,TWSE T86 official,official-only,,,40.0,40.0
8222,,,,,1,0,1,254000,0,1000,2026-08-07,TWSE T86 official,official-only,,,40.1,40.1
8249,,,,,1,0,1,38425,0,2000,2026-08-07,TWSE T86 official,official-only,,,40.0,40.0
8261,,,,,0,0,0,-1009877,0,-65415,2026-08-07,TWSE T86 official,official-only,,,0.0,0.0
8271,,,,,3,0,0,329839,0,-137941,2026-08-07,TWSE T86 official,official-only,,,40.0,40.0
8341,,,,,1,0,1,51000,0,8737,2026-08-07,TWSE T86 official,official-only,,,40.0,40.0
8367,,,,,0,0,0,0,0,0,2026-08-07,TWSE T86 official,official-only,,,0.0,0.0
8374,,,,,0,0,1,-94720,0,3100,2026-08-07,TWSE T86 official,official-only,,,0.0,0.0
8404,,,,,0,0,1,-27025,0,1000,2026-08-07,TWSE T86 official,official-only,,,0.0,0.0
8411,,,,,7,0,0,18000,0,-9000,2026-08-07,TWSE T86 official,official-only,,,40.0,40.0
8422,,,,,1,0,1,2605735,-25000,282215,2026-08-07,TWSE T86 official,official-only,,,40.6,40.6
8429,,,,,1,0,0,4000,0,-14000,2026-08-07,TWSE T86 official,official-only,,,0.0,0.0
8438,,,,,0,0,1,-964,0,1215,2026-08-07,TWSE T86 official,official-only,,,0.0,0.0
8442,,,,,0,0,0,-5000,0,0,2026-08-07,TWSE T86 official,official-only,,,0.0,0.0
8443,,,,,0,0,0,-15000,0,-1000,2026-08-07,TWSE T86 official,official-only,,,0.0,0.0
8454,,,,,4,0,1,234140,0,32000,2026-08-07,TWSE T86 official,official-only,,,40.1,40.1
8462,,,,,1,0,1,52810,0,2000,2026-08-07,TWSE T86 official,official-only,,,40.0,40.0
8463,,,,,1,0,2,33000,0,3000,2026-08-07,TWSE T86 official,official-only,,,40.0,40.0
8464,,,,,0,1,1,-122579,77000,3441,2026-08-07,TWSE T86 official,official-only,,,0.0,0.0
8466,,,,,0,0,0,-2000,0,0,2026-08-07,TWSE T86 official,official-only,,,0.0,0.0
8467,,,,,10,0,0,2000,0,0,2026-08-07,TWSE T86 official,official-only,,,40.0,40.0
8473,,,,,0,0,0,-220400,0,-917,2026-08-07,TWSE T86 official,official-only,,,0.0,0.0
8476,,,,,0,0,0,-241000,0,-1000,2026-08-07,TWSE T86 official,official-only,,,0.0,0.0
8478,,,,,0,0,1,-17000,0,1000,2026-08-07,TWSE T86 official,official-only,,,0.0,0.0
8481,,,,,1,0,0,8000,0,-2000,2026-08-07,TWSE T86 official,official-only,,,40.0,40.0
8482,,,,,0,0,0,0,0,0,2026-08-07,TWSE T86 official,official-only,,,0.0,0.0
8487,,,,,0,0,1,0,0,781,2026-08-07,TWSE T86 official,official-only,,,40.0,40.0
8488,,,,,2,0,0,15000,0,0,2026-08-07,TWSE T86 official,official-only,,,40.0,40.0
8499,,,,,1,0,0,17000,0,-130,2026-08-07,TWSE T86 official,official-only,,,40.0,40.0
8926,,,,,0,0,3,-2849012,0,16673,2026-08-07,TWSE T86 official,official-only,,,0.0,0.0
8940,,,,,2,0,1,1000,0,2000,2026-08-07,TWSE T86 official,official-only,,,40.0,40.0
8996,,,,,0,3,0,-447759,258000,-18730,2026-08-07,TWSE T86 official,official-only,,,0.0,0.0
9103,,,,,1,0,1,270000,0,455,2026-08-07,TWSE T86 official,official-only,,,40.1,40.1
9105,,,,,0,0,0,-725900,0,-14459,2026-08-07,TWSE T86 official,official-only,,,0.0,0.0
9136,,,,,0,0,1,-54000,0,1,2026-08-07,TWSE T86 official,official-only,,,0.0,0.0
9802,,,,,3,0,1,531330,-153000,1590,2026-08-07,TWSE T86 official,official-only,,,40.1,40.1
9902,,,,,1,0,1,3000,0,2000,2026-08-07,TWSE T86 official,official-only,,,40.0,40.0
9904,,,,,2,3,0,2078735,123000,-93111,2026-08-07,TWSE T86 official,official-only,,,40.4,40.4
9905,,,,,1,0,0,3000,0,0,2026-08-07,TWSE T86 official,official-only,,,40.0,40.0
9906,,,,,2,0,1,19000,0,3000,2026-08-07,TWSE T86 official,official-only,,,40.0,40.0
9907,,,,,1,0,2,1720000,-8000,21000,2026-08-07,TWSE T86 official,official-only,,,40.3,40.3
9908,,,,,0,0,1,-27097,0,1946,2026-08-07,TWSE T86 official,official-only,,,0.0,0.0
9910,,,,,3,3,1,152775,54000,5489,2026-08-07,TWSE T86 official,official-only,,,40.0,40.0
9911,,,,,2,0,0,98000,0,-10000,2026-08-07,TWSE T86 official,official-only,,,40.0,40.0
9912,,,,,1,0,0,2000,0,0,2026-08-07,TWSE T86 official,official-only,,,40.0,40.0
9914,,,,,3,0,0,357245,0,-30439,2026-08-07,TWSE T86 official,official-only,,,40.1,40.1
9917,,,,,1,0,0,58025,-3000,0,2026-08-07,TWSE T86 official,official-only,,,40.0,40.0
9918,,,,,0,0,0,-4000,0,0,2026-08-07,TWSE T86 official,official-only,,,0.0,0.0
9919,,,,,1,0,1,118009,0,1000,2026-08-07,TWSE T86 official,official-only,,,40.0,40.0
9921,,,,,3,0,1,440667,0,60997,2026-08-07,TWSE T86 official,official-only,,,40.1,40.1
9924,,,,,1,0,1,109000,0,3000,2026-08-07,TWSE T86 official,official-only,,,40.0,40.0
9925,,,,,0,0,1,-169000,0,5000,2026-08-07,TWSE T86 official,official-only,,,0.0,0.0
9926,,,,,0,0,0,0,0,0,2026-08-07,TWSE T86 official,official-only,,,0.0,0.0
9927,,,,,1,0,1,38497,0,2000,2026-08-07,TWSE T86 official,official-only,,,40.0,40.0
9928,,,,,0,0,0,0,0,0,2026-08-07,TWSE T86 official,official-only,,,0.0,0.0
9929,,,,,1,0,1,1000,0,2000,2026-08-07,TWSE T86 official,official-only,,,40.0,40.0
9930,,,,,0,0,1,-124000,0,8000,2026-08-07,TWSE T86 official,official-only,,,0.0,0.0
9931,,,,,0,0,0,-7000,0,-177,2026-08-07,TWSE T86 official,official-only,,,0.0,0.0
9933,,,,,2,0,0,263823,0,-104467,2026-08-07,TWSE T86 official,official-only,,,40.0,40.0
9934,,,,,3,0,0,32492,0,0,2026-08-07,TWSE T86 official,official-only,,,40.0,40.0
9935,,,,,2,0,1,326000,0,8000,2026-08-07,TWSE T86 official,official-only,,,40.1,40.1
9937,,,,,0,0,0,0,0,-10000,2026-08-07,TWSE T86 official,official-only,,,0.0,0.0
9938,,,,,0,0,0,-250318,-338000,-31702,2026-08-07,TWSE T86 official,official-only,,,0.0,0.0
9939,,,,,4,0,3,1292040,-1000,27177,2026-08-07,TWSE T86 official,official-only,,,40.3,40.3
9940,,,,,1,0,1,159876,0,17000,2026-08-07,TWSE T86 official,official-only,,,40.0,40.0
9941,,,,,1,3,1,1323810,100000,3175,2026-08-07,TWSE T86 official,official-only,,,40.3,40.3
9942,,,,,1,0,0,8000,0,-5000,2026-08-07,TWSE T86 official,official-only,,,40.0,40.0
9943,,,,,0,0,2,-3000,0,20000,2026-08-07,TWSE T86 official,official-only,,,40.0,40.0
9944,,,,,0,0,1,-8000,0,8000,2026-08-07,TWSE T86 official,official-only,,,0.0,0.0
9945,,,,,1,0,1,2558147,0,179386,2026-08-07,TWSE T86 official,official-only,,,40.5,40.5
9946,,,,,1,0,0,69999,0,0,2026-08-07,TWSE T86 official,official-only,,,40.0,40.0
9955,,,,,1,0,0,47001,0,0,2026-08-07,TWSE T86 official,official-only,,,40.0,40.0
9958,,,,,7,0,4,1110152,0,72708,2026-08-07,TWSE T86 official,official-only,,,40.2,40.2
